seed,condition,experiment,p95_critical_latency_sec,stale_data_ratio,trusted_stale_exposure,priority_inversion_rate,kill_chain_delay_sec,recovery_instability,mission_impact,delivered_count,dropped_count,critical_delivered_count,attack_count,defense_count,priority_reroute_count,video_throttle_count,stale_badge_count,pace_switch_count
2026,full_tsra_r,adaptive_memory_full_tsra_r,1.0,0.5,0.125,0.01591187270501836,8.5,3.0,0.13337260301917586,389.0,5.0,75.0,5.0,23.0,5.0,7.0,8.0,3.0
2026,adaptive_tsra_r,adaptive_memory_adaptive_tsra_r,1.0,0.5,0.125,0.019005847953216373,8.5,1.0,0.1015862573099415,375.0,3.0,81.0,5.0,20.0,7.0,4.0,8.0,1.0
2027,full_tsra_r,adaptive_memory_full_tsra_r,2.0,0.5,0.125,0.013138686131386862,9.5,3.0,0.13865267639902676,382.0,9.0,85.0,5.0,25.0,8.0,6.0,8.0,3.0
2027,adaptive_tsra_r,adaptive_memory_adaptive_tsra_r,1.0,0.5,0.125,0.0136986301369863,8.5,1.0,0.09893264840182647,342.0,5.0,67.0,5.0,21.0,8.0,4.0,8.0,1.0
2028,full_tsra_r,adaptive_memory_full_tsra_r,2.0,0.5,0.125,0.03538461538461538,9.5,3.0,0.149775641025641,337.0,13.0,69.0,5.0,25.0,7.0,7.0,8.0,3.0
2028,adaptive_tsra_r,adaptive_memory_adaptive_tsra_r,2.0,0.5,0.125,0.035114503816793895,9.5,1.0,0.11630725190839694,313.0,10.0,68.0,5.0,16.0,5.0,1.0,9.0,1.0
2029,full_tsra_r,adaptive_memory_full_tsra_r,2.0,0.5,0.125,0.04821150855365474,9.5,3.0,0.1561890876101607,360.0,11.0,79.0,5.0,22.0,6.0,6.0,7.0,3.0
2029,adaptive_tsra_r,adaptive_memory_adaptive_tsra_r,2.0,0.5,0.125,0.03554868624420402,9.5,1.0,0.116524343122102,334.0,7.0,68.0,5.0,17.0,6.0,3.0,7.0,1.0
2030,full_tsra_r,adaptive_memory_full_tsra_r,2.0,0.5,0.125,0.020558002936857563,9.5,3.0,0.1423623348017621,368.0,6.0,73.0,5.0,24.0,7.0,6.0,8.0,3.0
2030,adaptive_tsra_r,adaptive_memory_adaptive_tsra_r,1.0,0.5,0.125,0.020588235294117647,8.5,1.0,0.10237745098039215,346.0,5.0,72.0,5.0,19.0,7.0,3.0,8.0,1.0
2031,full_tsra_r,adaptive_memory_full_tsra_r,2.0,0.5,0.125,0.27435064935064934,9.5,3.0,0.269258658008658,333.0,8.0,71.0,5.0,21.0,4.0,6.0,8.0,3.0
2031,adaptive_tsra_r,adaptive_memory_adaptive_tsra_r,2.0,0.5,0.125,0.0319634703196347,9.5,1.0,0.11473173515981734,345.0,1.0,79.0,5.0,18.0,6.0,3.0,8.0,1.0
2032,full_tsra_r,adaptive_memory_full_tsra_r,2.0,0.5,0.125,0.02857142857142857,9.5,3.0,0.14636904761904762,357.0,10.0,74.0,5.0,22.0,5.0,6.0,8.0,3.0
2032,adaptive_tsra_r,adaptive_memory_adaptive_tsra_r,1.0,0.5,0.125,0.011816838995568686,8.5,1.0,0.09799175283111766,349.0,8.0,80.0,5.0,20.0,7.0,4.0,8.0,1.0
2033,full_tsra_r,adaptive_memory_full_tsra_r,2.0,0.5,0.125,0.010687022900763359,9.5,3.0,0.13742684478371503,353.0,13.0,78.0,5.0,24.0,7.0,6.0,8.0,3.0
2033,adaptive_tsra_r,adaptive_memory_adaptive_tsra_r,1.0,0.5,0.125,0.020771513353115726,8.5,1.0,0.10246909000989118,347.0,8.0,73.0,5.0,20.0,7.0,4.0,8.0,1.0
2034,full_tsra_r,adaptive_memory_full_tsra_r,2.0,0.5,0.125,0.016,9.5,3.0,0.14008333333333334,331.0,7.0,77.0,5.0,22.0,5.0,6.0,8.0,3.0
2034,adaptive_tsra_r,adaptive_memory_adaptive_tsra_r,2.0,0.5,0.125,0.007462686567164179,9.5,1.0,0.10248134328358208,343.0,2.0,76.0,5.0,17.0,7.0,1.0,8.0,1.0
2035,full_tsra_r,adaptive_memory_full_tsra_r,1.0,0.5,0.125,0.006180469715698393,8.5,3.0,0.12850690152451585,380.0,6.0,79.0,5.0,27.0,8.0,7.0,9.0,3.0
2035,adaptive_tsra_r,adaptive_memory_adaptive_tsra_r,1.0,0.5,0.125,0.0058823529411764705,8.5,1.0,0.09502450980392156,361.0,6.0,85.0,5.0,19.0,7.0,3.0,8.0,1.0
2036,full_tsra_r,adaptive_memory_full_tsra_r,2.0,0.5,0.125,0.004026845637583893,9.5,3.0,0.1340967561521253,351.0,8.0,67.0,5.0,27.0,9.0,7.0,8.0,3.0
2036,adaptive_tsra_r,adaptive_memory_adaptive_tsra_r,2.0,0.5,0.125,0.0045385779122541605,9.5,1.0,0.10101928895612707,351.0,1.0,75.0,5.0,24.0,10.0,4.0,9.0,1.0
2037,full_tsra_r,adaptive_memory_full_tsra_r,2.0,0.5,0.125,0.08739255014326648,9.5,3.0,0.17577960840496654,375.0,8.0,91.0,5.0,23.0,5.0,7.0,8.0,3.0
2037,adaptive_tsra_r,adaptive_memory_adaptive_tsra_r,1.0,0.5,0.125,0.016541353383458645,8.5,1.0,0.10035401002506264,351.0,3.0,89.0,5.0,18.0,7.0,3.0,7.0,1.0
2038,full_tsra_r,adaptive_memory_full_tsra_r,2.0,0.5,0.125,0.027607361963190184,9.5,3.0,0.14588701431492843,369.0,7.0,92.0,5.0,24.0,7.0,6.0,8.0,3.0
2038,adaptive_tsra_r,adaptive_memory_adaptive_tsra_r,2.0,0.5,0.125,0.027950310559006212,9.5,1.0,0.1127251552795031,371.0,8.0,101.0,5.0,19.0,7.0,3.0,8.0,1.0
2039,full_tsra_r,adaptive_memory_full_tsra_r,2.0,0.5,0.125,0.046263345195729534,9.5,4.0,0.15521500593119808,334.0,3.0,78.0,5.0,25.0,7.0,6.0,8.0,4.0
2039,adaptive_tsra_r,adaptive_memory_adaptive_tsra_r,2.0,0.5,0.125,0.03692762186115214,9.5,1.0,0.11721381093057606,345.0,5.0,77.0,5.0,18.0,7.0,2.0,8.0,1.0
2040,full_tsra_r,adaptive_memory_full_tsra_r,2.0,0.5,0.125,0.010057471264367816,9.5,3.0,0.13711206896551725,368.0,6.0,83.0,5.0,25.0,8.0,6.0,8.0,3.0
2040,adaptive_tsra_r,adaptive_memory_adaptive_tsra_r,2.0,0.5,0.125,0.01032448377581121,9.5,1.0,0.1039122418879056,352.0,4.0,69.0,5.0,18.0,7.0,3.0,7.0,1.0
2041,full_tsra_r,adaptive_memory_full_tsra_r,2.0,0.5,0.125,0.056338028169014086,9.5,3.0,0.1602523474178404,356.0,6.0,80.0,5.0,25.0,6.0,7.0,9.0,3.0
2041,adaptive_tsra_r,adaptive_memory_adaptive_tsra_r,2.0,0.5,0.125,0.0366412213740458,9.5,1.0,0.11707061068702289,334.0,7.0,76.0,5.0,19.0,7.0,3.0,8.0,1.0
2042,full_tsra_r,adaptive_memory_full_tsra_r,2.0,0.5,0.125,0.036308623298033284,9.5,3.0,0.15023764498234998,341.0,9.0,73.0,5.0,24.0,6.0,6.0,9.0,3.0
2042,adaptive_tsra_r,adaptive_memory_adaptive_tsra_r,2.0,0.5,0.125,0.03338391502276176,9.5,1.0,0.11544195751138087,348.0,3.0,67.0,5.0,17.0,5.0,2.0,9.0,1.0
2043,full_tsra_r,adaptive_memory_full_tsra_r,2.0,0.75,0.1875,0.0998439937597504,13.25,3.0,0.21638033021320852,340.0,11.0,68.0,5.0,23.0,4.0,7.0,9.0,3.0
2043,adaptive_tsra_r,adaptive_memory_adaptive_tsra_r,2.0,0.5,0.125,0.046686746987951805,9.5,1.0,0.12209337349397589,345.0,12.0,69.0,5.0,22.0,7.0,4.0,10.0,1.0
2044,full_tsra_r,adaptive_memory_full_tsra_r,2.0,0.5,0.125,0.0624048706240487,9.5,3.0,0.16328576864535768,342.0,8.0,79.0,5.0,26.0,8.0,7.0,8.0,3.0
2044,adaptive_tsra_r,adaptive_memory_adaptive_tsra_r,1.8999999999999915,0.5,0.125,0.048265460030165915,9.399999999999991,1.0,0.12221606334841623,335.0,4.0,83.0,5.0,16.0,5.0,2.0,8.0,1.0
2045,full_tsra_r,adaptive_memory_full_tsra_r,1.0,0.5,0.125,0.014423076923076924,8.5,3.0,0.1326282051282051,384.0,10.0,83.0,5.0,26.0,7.0,7.0,9.0,3.0
2045,adaptive_tsra_r,adaptive_memory_adaptive_tsra_r,1.0,0.5,0.125,0.016506189821182942,8.5,1.0,0.10033642824392479,389.0,7.0,99.0,5.0,22.0,9.0,5.0,7.0,1.0
2046,full_tsra_r,adaptive_memory_full_tsra_r,2.0,0.5,0.125,0.0624048706240487,9.5,3.0,0.16328576864535768,365.0,4.0,86.0,5.0,23.0,6.0,6.0,8.0,3.0
2046,adaptive_tsra_r,adaptive_memory_adaptive_tsra_r,1.0,0.5,0.125,0.03067484662576687,8.5,1.0,0.10742075664621675,340.0,6.0,80.0,5.0,20.0,7.0,5.0,7.0,1.0
2047,full_tsra_r,adaptive_memory_full_tsra_r,1.0,0.5,0.125,0.09819967266775777,8.5,3.0,0.17451650300054555,351.0,4.0,71.0,5.0,23.0,5.0,6.0,9.0,3.0
2047,adaptive_tsra_r,adaptive_memory_adaptive_tsra_r,2.0,0.5,0.125,0.014705882352941176,9.5,1.0,0.10610294117647058,365.0,4.0,83.0,5.0,17.0,6.0,3.0,7.0,1.0
2048,full_tsra_r,adaptive_memory_full_tsra_r,2.0,0.5,0.125,0.09104938271604938,9.5,3.0,0.177608024691358,333.0,15.0,64.0,5.0,21.0,5.0,6.0,7.0,3.0
2048,adaptive_tsra_r,adaptive_memory_adaptive_tsra_r,1.0,0.5,0.125,0.033381712626995644,8.5,1.0,0.10877418964683114,354.0,4.0,73.0,5.0,20.0,8.0,3.0,8.0,1.0
2049,full_tsra_r,adaptive_memory_full_tsra_r,2.0,0.5,0.125,0.02826379542395693,9.5,3.0,0.1462152310453118,351.0,7.0,68.0,5.0,26.0,7.0,7.0,9.0,3.0
2049,adaptive_tsra_r,adaptive_memory_adaptive_tsra_r,2.0,0.5,0.125,0.0420032310177706,9.5,1.0,0.11975161550888529,333.0,11.0,71.0,5.0,19.0,7.0,3.0,8.0,1.0
2050,full_tsra_r,adaptive_memory_full_tsra_r,2.0,0.5,0.125,0.06092124814264487,9.5,3.0,0.16254395740465577,356.0,16.0,74.0,5.0,22.0,5.0,6.0,8.0,3.0
2050,adaptive_tsra_r,adaptive_memory_adaptive_tsra_r,1.0,0.5,0.125,0.03417533432392273,8.5,1.0,0.10917100049529468,349.0,7.0,78.0,5.0,19.0,6.0,3.0,9.0,1.0
2051,full_tsra_r,adaptive_memory_full_tsra_r,2.0,0.5,0.125,0.022189349112426034,9.5,3.0,0.14317800788954635,362.0,12.0,75.0,5.0,24.0,7.0,6.0,8.0,3.0
2051,adaptive_tsra_r,adaptive_memory_adaptive_tsra_r,2.0,0.5,0.125,0.02336448598130841,9.5,1.0,0.1104322429906542,361.0,4.0,90.0,5.0,20.0,8.0,3.0,8.0,1.0
2052,full_tsra_r,adaptive_memory_full_tsra_r,2.0,0.5,0.125,0.13253012048192772,9.5,3.0,0.19834839357429718,362.0,10.0,89.0,5.0,21.0,4.0,6.0,8.0,3.0
2052,adaptive_tsra_r,adaptive_memory_adaptive_tsra_r,1.0,0.5,0.125,0.03308270676691729,8.5,1.0,0.10862468671679197,338.0,5.0,69.0,5.0,19.0,7.0,3.0,8.0,1.0
2053,full_tsra_r,adaptive_memory_full_tsra_r,2.0,0.5,0.125,0.06430868167202572,9.5,3.0,0.1642376741693462,341.0,10.0,74.0,5.0,24.0,7.0,6.0,8.0,3.0
2053,adaptive_tsra_r,adaptive_memory_adaptive_tsra_r,1.5999999999999943,0.5,0.125,0.06607929515418502,9.099999999999994,1.0,0.12912298091042582,343.0,3.0,69.0,5.0,16.0,4.0,2.0,9.0,1.0
2054,full_tsra_r,adaptive_memory_full_tsra_r,1.0,0.5,0.125,0.0063532401524777635,8.5,3.0,0.12859328674290554,379.0,3.0,65.0,5.0,26.0,8.0,7.0,8.0,3.0
2054,adaptive_tsra_r,adaptive_memory_adaptive_tsra_r,1.0499999999999972,0.5,0.125,0.025718608169440244,8.549999999999997,1.0,0.10527597075138675,353.0,1.0,60.0,5.0,18.0,6.0,3.0,8.0,1.0
2055,full_tsra_r,adaptive_memory_full_tsra_r,2.0,0.5,0.125,0.03840245775729647,9.5,3.0,0.15128456221198155,353.0,13.0,85.0,5.0,24.0,7.0,6.0,8.0,3.0
2055,adaptive_tsra_r,adaptive_memory_adaptive_tsra_r,2.0,0.5,0.125,0.04084967320261438,9.5,1.0,0.11917483660130718,335.0,14.0,69.0,5.0,21.0,7.0,4.0,9.0,1.0
