seed,experiment,p95_critical_latency_sec,stale_data_ratio,trusted_stale_exposure,priority_inversion_rate,kill_chain_delay_sec,recovery_instability,mission_impact,delivered_count,dropped_count,critical_delivered_count,attack_count,defense_count
2026,E1_baseline,3.0,0.5,0.5,0.32084309133489464,33.0,0.0,0.4554215456674473,348.0,2.0,69.0,0.0,0.0
2026,E2_fixed_attack,28.5,0.5,0.5,0.574,58.5,0.0,0.6649999999999999,346.0,5.0,76.0,1.0,0.0
2026,E3_rule_aura,168.0,0.5,0.5,0.8333333333333334,198.0,0.0,0.9500000000000001,134.0,1.0,21.0,5.0,0.0
2026,E4_rule_aura_basic_defense,2.0,0.5,0.125,0.021739130434782608,9.5,0.0,0.09295289855072462,348.0,3.0,85.0,5.0,24.0
2026,E5_rule_aura_tsra_r,1.0,0.5,0.125,0.01591187270501836,8.5,3.0,0.13337260301917586,389.0,5.0,75.0,5.0,23.0
2026,E6_ml_aura_tsra_r,2.0,0.5,0.125,0.029069767441860465,9.5,3.0,0.14661821705426356,342.0,10.0,68.0,5.0,24.0
2026,E7_ml_aura_ml_tsra_r,2.0,0.5,0.125,0.04507042253521127,9.5,3.0,0.15461854460093896,354.0,7.0,66.0,5.0,33.0
2027,E1_baseline,3.0,0.5,0.5,0.33254716981132076,33.0,0.0,0.4612735849056604,334.0,7.0,71.0,0.0,0.0
2027,E2_fixed_attack,25.5,0.5,0.5,0.5551102204408818,55.5,0.0,0.645,342.0,2.0,76.0,1.0,0.0
2027,E3_rule_aura,155.79999999999998,0.5,0.5,0.8062953995157385,185.79999999999998,0.0,0.9500000000000001,160.0,2.0,34.0,5.0,0.0
2027,E4_rule_aura_basic_defense,2.0,0.5,0.125,0.015151515151515152,9.5,0.0,0.0896590909090909,339.0,2.0,69.0,5.0,21.0
2027,E5_rule_aura_tsra_r,2.0,0.5,0.125,0.013138686131386862,9.5,3.0,0.13865267639902676,382.0,9.0,85.0,5.0,25.0
2027,E6_ml_aura_tsra_r,1.0,0.5,0.125,0.01164294954721863,8.5,3.0,0.13123814144027596,371.0,10.0,83.0,5.0,28.0
2027,E7_ml_aura_ml_tsra_r,2.0,0.5,0.125,0.06905710491367861,9.5,3.0,0.16661188579017264,364.0,11.0,89.0,5.0,31.0
2028,E1_baseline,3.0,0.5,0.5,0.34022988505747126,33.0,0.0,0.46511494252873564,344.0,9.0,86.0,0.0,0.0
2028,E2_fixed_attack,42.0,0.5,0.5,0.5764462809917356,72.0,0.0,0.7550000000000001,330.0,3.0,81.0,1.0,0.0
2028,E3_rule_aura,164.85000000000002,0.75,0.75,0.85,209.85000000000002,0.0,0.9500000000000001,128.0,3.0,24.0,5.0,0.0
2028,E4_rule_aura_basic_defense,2.0,0.5,0.125,0.039383561643835614,9.5,0.0,0.10177511415525113,325.0,7.0,73.0,5.0,22.0
2028,E5_rule_aura_tsra_r,2.0,0.5,0.125,0.03538461538461538,9.5,3.0,0.149775641025641,337.0,13.0,69.0,5.0,25.0
2028,E6_ml_aura_tsra_r,2.0,0.5,0.125,0.04559748427672956,9.5,3.0,0.1548820754716981,330.0,10.0,82.0,5.0,24.0
2028,E7_ml_aura_ml_tsra_r,2.0,0.5,0.125,0.0584144645340751,9.5,3.0,0.16129056560037086,338.0,12.0,82.0,5.0,29.0
2029,E1_baseline,2.0,0.5,0.5,0.3032581453634085,32.0,0.0,0.4399624060150376,334.0,6.0,86.0,0.0,0.0
2029,E2_fixed_attack,28.799999999999997,0.5,0.5,0.5867768595041323,58.8,0.0,0.6669999999999999,334.0,6.0,85.0,1.0,0.0
2029,E3_rule_aura,125.94999999999999,0.75,0.75,0.8169761273209549,170.95,0.0,0.9424583333333334,124.0,6.0,22.0,5.0,0.0
2029,E4_rule_aura_basic_defense,2.0,0.5,0.125,0.039723661485319514,9.5,0.0,0.10194516407599309,324.0,5.0,75.0,5.0,22.0
2029,E5_rule_aura_tsra_r,2.0,0.5,0.125,0.04821150855365474,9.5,3.0,0.1561890876101607,360.0,11.0,79.0,5.0,22.0
2029,E6_ml_aura_tsra_r,2.0,0.5,0.125,0.038781163434903045,9.5,3.0,0.15147391505078484,351.0,11.0,77.0,5.0,23.0
2029,E7_ml_aura_ml_tsra_r,2.0,0.5,0.125,0.07334273624823695,9.5,3.0,0.1687547014574518,335.0,9.0,68.0,5.0,33.0
2030,E1_baseline,3.0,0.5,0.5,0.30632911392405066,33.0,0.0,0.4481645569620253,328.0,2.0,70.0,0.0,0.0
2030,E2_fixed_attack,20.69999999999999,0.5,0.5,0.484472049689441,50.69999999999999,0.0,0.6129999999999999,333.0,7.0,64.0,1.0,0.0
2030,E3_rule_aura,174.64999999999998,0.25,0.25,0.821608040201005,189.64999999999998,0.0,0.8250000000000001,136.0,4.0,22.0,5.0,0.0
2030,E4_rule_aura_basic_defense,2.0,0.5,0.125,0.023178807947019868,9.5,0.0,0.09367273730684327,341.0,3.0,74.0,5.0,23.0
2030,E5_rule_aura_tsra_r,2.0,0.5,0.125,0.020558002936857563,9.5,3.0,0.1423623348017621,368.0,6.0,73.0,5.0,24.0
2030,E6_ml_aura_tsra_r,2.0,0.5,0.125,0.01856763925729443,9.5,3.0,0.14136715296198055,369.0,9.0,75.0,5.0,26.0
2030,E7_ml_aura_ml_tsra_r,2.0,0.5,0.125,0.05585106382978723,9.5,3.0,0.16000886524822694,360.0,7.0,74.0,5.0,32.0
2031,E1_baseline,3.0,0.5,0.5,0.308252427184466,33.0,0.0,0.44912621359223304,345.0,2.0,79.0,0.0,0.0
2031,E2_fixed_attack,43.2,0.5,0.5,0.5717299578059072,73.2,0.0,0.7629999999999999,333.0,1.0,77.0,1.0,0.0
2031,E3_rule_aura,177.39999999999998,0.25,0.25,0.8256410256410256,192.39999999999998,0.0,0.8250000000000001,141.0,1.0,30.0,5.0,0.0
2031,E4_rule_aura_basic_defense,2.0,0.5,0.125,0.03614457831325301,9.5,0.0,0.10015562248995984,329.0,2.0,76.0,5.0,22.0
2031,E5_rule_aura_tsra_r,2.0,0.5,0.125,0.27435064935064934,9.5,3.0,0.269258658008658,333.0,8.0,71.0,5.0,21.0
2031,E6_ml_aura_tsra_r,2.0,0.5,0.125,0.02949438202247191,9.5,3.0,0.14683052434456928,357.0,6.0,84.0,5.0,23.0
2031,E7_ml_aura_ml_tsra_r,2.0,0.5,0.125,0.05857142857142857,9.5,3.0,0.16136904761904763,358.0,8.0,76.0,5.0,29.0
2032,E1_baseline,3.0,0.5,0.5,0.35454545454545455,33.0,0.0,0.4722727272727273,354.0,3.0,76.0,0.0,0.0
2032,E2_fixed_attack,46.0,0.5,0.5,0.6283524904214559,76.0,0.0,0.7816666666666666,362.0,7.0,87.0,1.0,0.0
2032,E3_rule_aura,170.5,0.25,0.25,0.8223844282238443,185.5,0.0,0.8250000000000001,150.0,4.0,32.0,5.0,0.0
2032,E4_rule_aura_basic_defense,2.0,0.5,0.125,0.014084507042253521,9.5,0.0,0.08912558685446009,315.0,5.0,75.0,5.0,22.0
2032,E5_rule_aura_tsra_r,2.0,0.5,0.125,0.02857142857142857,9.5,3.0,0.14636904761904762,357.0,10.0,74.0,5.0,22.0
2032,E6_ml_aura_tsra_r,2.0,0.5,0.125,0.025495750708215296,9.5,3.0,0.14483120868744098,344.0,16.0,85.0,5.0,25.0
2032,E7_ml_aura_ml_tsra_r,5.449999999999974,0.5,0.125,0.06568364611260054,12.949999999999974,3.0,0.18792515638963342,358.0,11.0,78.0,5.0,33.0
2033,E1_baseline,2.0,0.5,0.5,0.3088235294117647,32.0,0.0,0.4427450980392157,338.0,4.0,81.0,0.0,0.0
2033,E2_fixed_attack,13.149999999999991,0.5,0.5,0.5021097046413502,43.14999999999999,0.0,0.5626666666666666,336.0,7.0,78.0,1.0,0.0
2033,E3_rule_aura,171.95,0.75,0.75,0.8144329896907216,216.95,0.0,0.9500000000000001,134.0,2.0,22.0,5.0,0.0
2033,E4_rule_aura_basic_defense,2.0,0.5,0.125,0.025041736227045076,9.5,0.0,0.09460420144685587,341.0,5.0,80.0,5.0,20.0
2033,E5_rule_aura_tsra_r,2.0,0.5,0.125,0.010687022900763359,9.5,3.0,0.13742684478371503,353.0,13.0,78.0,5.0,24.0
2033,E6_ml_aura_tsra_r,2.0,0.5,0.125,0.009628610729023384,9.5,3.0,0.13689763869784502,353.0,10.0,77.0,5.0,26.0
2033,E7_ml_aura_ml_tsra_r,2.0,0.5,0.125,0.06732117812061711,9.5,3.0,0.16574392239364188,347.0,12.0,68.0,5.0,32.0
2034,E1_baseline,3.0,0.5,0.5,0.315035799522673,33.0,0.0,0.4525178997613365,341.0,5.0,87.0,0.0,0.0
2034,E2_fixed_attack,36.0,0.75,0.75,0.6031746031746031,81.0,0.0,0.7274999999999999,335.0,4.0,65.0,1.0,0.0
2034,E3_rule_aura,141.39999999999998,0.5,0.5,0.8062015503875969,171.39999999999998,0.0,0.9428333333333334,127.0,4.0,17.0,5.0,0.0
2034,E4_rule_aura_basic_defense,2.0,0.5,0.125,0.008389261744966443,9.5,0.0,0.08627796420581654,335.0,2.0,78.0,5.0,24.0
2034,E5_rule_aura_tsra_r,2.0,0.5,0.125,0.016,9.5,3.0,0.14008333333333334,331.0,7.0,77.0,5.0,22.0
2034,E6_ml_aura_tsra_r,1.0,0.5,0.125,0.006944444444444444,8.5,3.0,0.1288888888888889,356.0,6.0,80.0,5.0,24.0
2034,E7_ml_aura_ml_tsra_r,2.0,0.5,0.125,0.06223479490806223,9.5,3.0,0.16320073078736444,355.0,12.0,83.0,5.0,31.0
2035,E1_baseline,2.0999999999999943,0.5,0.5,0.3374384236453202,32.099999999999994,0.0,0.45771921182266007,329.0,3.0,79.0,0.0,0.0
2035,E2_fixed_attack,46.0,0.5,0.5,0.6094069529652352,76.0,0.0,0.7816666666666666,338.0,5.0,86.0,1.0,0.0
2035,E3_rule_aura,163.79999999999998,0.5,0.5,0.8324742268041238,193.79999999999998,0.0,0.9500000000000001,141.0,3.0,32.0,5.0,0.0
2035,E4_rule_aura_basic_defense,3.0,0.5,0.125,0.04639175257731959,10.5,0.0,0.11194587628865979,326.0,10.0,74.0,5.0,23.0
2035,E5_rule_aura_tsra_r,1.0,0.5,0.125,0.006180469715698393,8.5,3.0,0.12850690152451585,380.0,6.0,79.0,5.0,27.0
2035,E6_ml_aura_tsra_r,2.0,0.5,0.125,0.006345177664974619,9.5,3.0,0.13525592216582064,370.0,8.0,82.0,5.0,26.0
2035,E7_ml_aura_ml_tsra_r,5.099999999999994,0.5,0.125,0.049723756906077346,12.599999999999994,3.0,0.1776118784530386,360.0,8.0,80.0,5.0,30.0
2036,E1_baseline,2.3499999999999943,0.5,0.5,0.33004926108374383,32.349999999999994,0.0,0.4556912972085385,324.0,1.0,74.0,0.0,0.0
2036,E2_fixed_attack,35.39999999999999,0.5,0.5,0.5415778251599147,65.39999999999999,0.0,0.7109999999999999,322.0,4.0,73.0,1.0,0.0
2036,E3_rule_aura,117.0,0.75,0.75,0.8354430379746836,162.0,0.0,0.935,137.0,3.0,28.0,5.0,0.0
2036,E4_rule_aura_basic_defense,2.0,0.5,0.125,0.13485113835376533,9.5,0.0,0.14950890251021598,319.0,1.0,72.0,5.0,23.0
2036,E5_rule_aura_tsra_r,2.0,0.5,0.125,0.004026845637583893,9.5,3.0,0.1340967561521253,351.0,8.0,67.0,5.0,27.0
2036,E6_ml_aura_tsra_r,2.0,0.5,0.125,0.014285714285714285,9.5,3.0,0.13922619047619048,342.0,6.0,69.0,5.0,26.0
2036,E7_ml_aura_ml_tsra_r,7.599999999999966,0.5,0.125,0.058997050147492625,15.099999999999966,3.0,0.19891519174041278,345.0,5.0,83.0,5.0,34.0
2037,E1_baseline,3.0,0.5,0.5,0.35764705882352943,33.0,0.0,0.47382352941176475,345.0,1.0,88.0,0.0,0.0
2037,E2_fixed_attack,25.700000000000003,0.5,0.5,0.5893909626719057,55.7,0.0,0.6463333333333333,356.0,7.0,87.0,1.0,0.0
2037,E3_rule_aura,128.65,0.5,0.5,0.8480176211453745,158.65,0.0,0.9322083333333333,200.0,8.0,48.0,5.0,0.0
2037,E4_rule_aura_basic_defense,2.0,0.5,0.125,0.11130742049469965,9.5,0.0,0.13773704358068314,316.0,7.0,78.0,5.0,23.0
2037,E5_rule_aura_tsra_r,2.0,0.5,0.125,0.08739255014326648,9.5,3.0,0.17577960840496654,375.0,8.0,91.0,5.0,23.0
2037,E6_ml_aura_tsra_r,2.0,0.5,0.125,0.08390646492434663,9.5,3.0,0.17403656579550664,365.0,8.0,83.0,5.0,25.0
2037,E7_ml_aura_ml_tsra_r,4.749999999999986,0.5,0.125,0.04676753782668501,12.249999999999986,3.0,0.17380043558000907,344.0,10.0,70.0,5.0,32.0
2038,E1_baseline,3.0,0.5,0.5,0.3577981651376147,33.0,0.0,0.4738990825688073,361.0,5.0,99.0,0.0,0.0
2038,E2_fixed_attack,21.0,0.5,0.5,0.5220125786163522,51.0,0.0,0.615,339.0,5.0,94.0,1.0,0.0
2038,E3_rule_aura,163.5,0.5,0.5,0.8220551378446115,193.5,0.0,0.9500000000000001,153.0,4.0,35.0,5.0,0.0
2038,E4_rule_aura_basic_defense,2.0,0.5,0.125,0.057724957555178265,9.5,0.0,0.11094581211092246,338.0,8.0,83.0,5.0,23.0
2038,E5_rule_aura_tsra_r,2.0,0.5,0.125,0.027607361963190184,9.5,3.0,0.14588701431492843,369.0,7.0,92.0,5.0,24.0
2038,E6_ml_aura_tsra_r,2.0,0.5,0.125,0.02403204272363151,9.5,3.0,0.1440993546951491,377.0,9.0,99.0,5.0,25.0
2038,E7_ml_aura_ml_tsra_r,2.0,0.5,0.125,0.051490514905149054,9.5,3.0,0.15782859078590786,365.0,11.0,84.0,5.0,30.0
2039,E1_baseline,2.799999999999997,0.5,0.5,0.315136476426799,32.8,0.0,0.4512349048800661,318.0,4.0,65.0,0.0,0.0
2039,E2_fixed_attack,42.69999999999999,0.75,0.75,0.5922131147540983,87.69999999999999,0.0,0.7721666666666666,327.0,9.0,74.0,1.0,0.0
2039,E3_rule_aura,169.0,0.5,0.5,0.8300492610837439,199.0,0.0,0.9500000000000001,147.0,5.0,35.0,5.0,0.0
2039,E4_rule_aura_basic_defense,4.0,0.5,0.125,0.03590664272890485,11.5,0.0,0.11336998803111908,328.0,15.0,85.0,5.0,20.0
2039,E5_rule_aura_tsra_r,2.0,0.5,0.125,0.046263345195729534,9.5,4.0,0.15521500593119808,334.0,3.0,78.0,5.0,25.0
2039,E6_ml_aura_tsra_r,1.8999999999999986,0.5,0.125,0.0658682634730539,9.399999999999999,3.0,0.1643507984031936,325.0,8.0,63.0,5.0,24.0
2039,E7_ml_aura_ml_tsra_r,2.0,0.5,0.125,0.06198347107438017,9.5,3.0,0.16307506887052342,362.0,4.0,83.0,5.0,31.0
2040,E1_baseline,2.3499999999999943,0.5,0.5,0.2918781725888325,32.349999999999994,0.0,0.43660575296108284,331.0,3.0,74.0,0.0,0.0
2040,E2_fixed_attack,31.0,0.5,0.5,0.5823045267489712,61.0,0.0,0.6816666666666666,338.0,8.0,70.0,1.0,0.0
2040,E3_rule_aura,149.0,0.75,0.75,0.8372703412073491,194.0,0.0,0.9500000000000001,123.0,4.0,19.0,5.0,0.0
2040,E4_rule_aura_basic_defense,2.0,0.5,0.125,0.01174496644295302,9.5,0.0,0.08795581655480984,339.0,3.0,81.0,5.0,22.0
2040,E5_rule_aura_tsra_r,2.0,0.5,0.125,0.010057471264367816,9.5,3.0,0.13711206896551725,368.0,6.0,83.0,5.0,25.0
2040,E6_ml_aura_tsra_r,2.0,0.5,0.125,0.008962868117797696,9.5,3.0,0.13656476739223217,367.0,10.0,68.0,5.0,26.0
2040,E7_ml_aura_ml_tsra_r,2.0,0.5,0.125,0.0644718792866941,9.5,3.0,0.16431927297668036,352.0,8.0,80.0,5.0,30.0
2041,E1_baseline,2.0,0.5,0.5,0.2838541666666667,32.0,0.0,0.43026041666666665,316.0,1.0,67.0,0.0,0.0
2041,E2_fixed_attack,15.900000000000006,0.5,0.5,0.5705645161290323,45.900000000000006,0.0,0.5810000000000001,335.0,6.0,72.0,1.0,0.0
2041,E3_rule_aura,158.4,0.75,0.75,0.8256410256410256,203.4,0.0,0.9500000000000001,134.0,1.0,17.0,5.0,0.0
2041,E4_rule_aura_basic_defense,2.0,0.5,0.125,0.05326460481099656,9.5,0.0,0.10871563573883161,331.0,2.0,73.0,5.0,23.0
2041,E5_rule_aura_tsra_r,2.0,0.5,0.125,0.056338028169014086,9.5,3.0,0.1602523474178404,356.0,6.0,80.0,5.0,25.0
2041,E6_ml_aura_tsra_r,2.0,0.5,0.125,0.04223433242506812,9.5,3.0,0.1532004995458674,349.0,8.0,65.0,5.0,25.0
2041,E7_ml_aura_ml_tsra_r,2.450000000000003,0.5,0.125,0.07112970711297072,9.950000000000003,3.0,0.1706481868898187,339.0,4.0,72.0,5.0,31.0
2042,E1_baseline,3.0,0.5,0.5,0.34102564102564104,33.0,0.0,0.4655128205128205,326.0,3.0,83.0,0.0,0.0
2042,E2_fixed_attack,42.250000000000014,0.5,0.5,0.6299376299376299,72.25000000000001,0.0,0.7566666666666667,337.0,2.0,72.0,1.0,0.0
2042,E3_rule_aura,158.0,0.75,0.75,0.8505434782608695,203.0,0.0,0.9500000000000001,117.0,2.0,14.0,5.0,0.0
2042,E4_rule_aura_basic_defense,2.0,0.5,0.125,0.044169611307420496,9.5,0.0,0.10416813898704358,310.0,7.0,68.0,5.0,20.0
2042,E5_rule_aura_tsra_r,2.0,0.5,0.125,0.036308623298033284,9.5,3.0,0.15023764498234998,341.0,9.0,73.0,5.0,24.0
2042,E6_ml_aura_tsra_r,2.0,0.5,0.125,0.026277372262773723,9.5,3.0,0.1452220194647202,337.0,6.0,57.0,5.0,26.0
2042,E7_ml_aura_ml_tsra_r,2.0,0.5,0.125,0.04986522911051213,9.5,3.0,0.1570159478885894,355.0,7.0,72.0,5.0,31.0
2043,E1_baseline,3.0,0.5,0.5,0.363013698630137,33.0,0.0,0.4765068493150685,341.0,3.0,76.0,0.0,0.0
2043,E2_fixed_attack,43.0,0.5,0.5,0.6366906474820144,73.0,0.0,0.7616666666666665,353.0,13.0,70.0,1.0,0.0
2043,E3_rule_aura,169.7,0.5,0.5,0.8286445012787724,199.7,0.0,0.9500000000000001,131.0,5.0,22.0,5.0,0.0
2043,E4_rule_aura_basic_defense,2.0,0.5,0.125,0.0587248322147651,9.5,0.0,0.11144574944071588,342.0,8.0,73.0,5.0,24.0
2043,E5_rule_aura_tsra_r,2.0,0.75,0.1875,0.0998439937597504,13.25,3.0,0.21638033021320852,340.0,11.0,68.0,5.0,23.0
2043,E6_ml_aura_tsra_r,2.0,0.5,0.125,0.04716981132075472,9.5,3.0,0.15566823899371068,373.0,7.0,81.0,5.0,24.0
2043,E7_ml_aura_ml_tsra_r,2.0,0.5,0.125,0.0731070496083551,9.5,3.0,0.1686368581375109,379.0,4.0,77.0,5.0,30.0
2044,E1_baseline,3.0,0.5,0.5,0.324455205811138,33.0,0.0,0.45722760290556896,321.0,4.0,67.0,0.0,0.0
2044,E2_fixed_attack,23.799999999999983,0.5,0.5,0.5258620689655172,53.79999999999998,0.0,0.6336666666666666,321.0,6.0,83.0,1.0,0.0
2044,E3_rule_aura,176.05,0.5,0.5,0.8282828282828283,206.05,0.0,0.9500000000000001,131.0,3.0,20.0,5.0,0.0
2044,E4_rule_aura_basic_defense,2.0,0.5,0.125,0.07105719237435008,9.5,0.0,0.11761192952050838,307.0,7.0,71.0,5.0,22.0
2044,E5_rule_aura_tsra_r,2.0,0.5,0.125,0.0624048706240487,9.5,3.0,0.16328576864535768,342.0,8.0,79.0,5.0,26.0
2044,E6_ml_aura_tsra_r,1.8499999999999943,0.5,0.125,0.059077809798270896,9.349999999999994,3.0,0.16062223823246874,336.0,6.0,84.0,5.0,25.0
2044,E7_ml_aura_ml_tsra_r,1.8499999999999943,0.5,0.125,0.059077809798270896,9.349999999999994,3.0,0.16062223823246874,336.0,6.0,84.0,5.0,35.0
2045,E1_baseline,2.0,0.5,0.5,0.36054421768707484,32.0,0.0,0.4686054421768708,332.0,10.0,81.0,0.0,0.0
2045,E2_fixed_attack,42.0,0.5,0.5,0.640074211502783,72.0,0.0,0.7550000000000001,349.0,9.0,86.0,1.0,0.0
2045,E3_rule_aura,182.1,0.25,0.25,0.8299492385786802,197.1,0.0,0.8250000000000001,130.0,4.0,19.0,5.0,0.0
2045,E4_rule_aura_basic_defense,2.0,0.5,0.125,0.020100502512562814,9.5,0.0,0.09213358458961474,334.0,6.0,81.0,5.0,21.0
2045,E5_rule_aura_tsra_r,1.0,0.5,0.125,0.014423076923076924,8.5,3.0,0.1326282051282051,384.0,10.0,83.0,5.0,26.0
2045,E6_ml_aura_tsra_r,2.0,0.5,0.125,0.016282225237449117,9.5,3.0,0.1402244459520579,367.0,14.0,84.0,5.0,25.0
2045,E7_ml_aura_ml_tsra_r,2.0,0.5,0.125,0.05527638190954774,9.5,3.0,0.1597215242881072,384.0,11.0,90.0,5.0,33.0
2046,E1_baseline,3.0,0.5,0.5,0.3425287356321839,33.0,0.0,0.46626436781609193,339.0,3.0,64.0,0.0,0.0
2046,E2_fixed_attack,30.699999999999996,0.5,0.5,0.5601577909270217,60.699999999999996,0.0,0.6796666666666665,337.0,6.0,67.0,1.0,0.0
2046,E3_rule_aura,174.7,0.25,0.25,0.8147208121827412,189.7,0.0,0.8250000000000001,140.0,5.0,28.0,5.0,0.0
2046,E4_rule_aura_basic_defense,2.0,0.5,0.125,0.03436426116838488,9.5,0.0,0.09926546391752576,329.0,2.0,70.0,5.0,22.0
2046,E5_rule_aura_tsra_r,2.0,0.5,0.125,0.0624048706240487,9.5,3.0,0.16328576864535768,365.0,4.0,86.0,5.0,23.0
2046,E6_ml_aura_tsra_r,2.0,0.5,0.125,0.027586206896551724,9.5,3.0,0.1458764367816092,363.0,8.0,89.0,5.0,25.0
2046,E7_ml_aura_ml_tsra_r,2.0,0.5,0.125,0.05013550135501355,9.5,3.0,0.1571510840108401,357.0,9.0,69.0,5.0,32.0
2047,E1_baseline,3.0,0.5,0.5,0.3627684964200477,33.0,0.0,0.4763842482100239,324.0,1.0,65.0,0.0,0.0
2047,E2_fixed_attack,21.9,0.5,0.5,0.546236559139785,51.9,0.0,0.621,322.0,2.0,63.0,1.0,0.0
2047,E3_rule_aura,145.2,0.5,0.5,0.8109452736318408,175.2,0.0,0.9460000000000001,149.0,2.0,25.0,5.0,0.0
2047,E4_rule_aura_basic_defense,2.0,0.5,0.125,0.06303236797274275,9.5,0.0,0.1135995173197047,333.0,1.0,79.0,5.0,22.0
2047,E5_rule_aura_tsra_r,1.0,0.5,0.125,0.09819967266775777,8.5,3.0,0.17451650300054555,351.0,4.0,71.0,5.0,23.0
2047,E6_ml_aura_tsra_r,2.0,0.5,0.125,0.08169014084507042,9.5,3.0,0.17292840375586854,340.0,8.0,67.0,5.0,26.0
2047,E7_ml_aura_ml_tsra_r,2.8999999999999915,0.5,0.125,0.077733860342556,10.399999999999991,3.0,0.1769502635046113,369.0,3.0,83.0,5.0,32.0
2048,E1_baseline,3.0,0.5,0.5,0.2641509433962264,33.0,0.0,0.4270754716981132,312.0,5.0,65.0,0.0,0.0
2048,E2_fixed_attack,12.649999999999999,0.5,0.5,0.41284403669724773,42.65,0.0,0.5593333333333333,319.0,7.0,68.0,1.0,0.0
2048,E3_rule_aura,189.2,0.5,0.5,0.8087855297157622,219.2,0.0,0.9500000000000001,134.0,1.0,17.0,5.0,0.0
2048,E4_rule_aura_basic_defense,2.0,0.5,0.125,0.04861111111111111,9.5,0.0,0.10638888888888888,320.0,3.0,63.0,5.0,22.0
2048,E5_rule_aura_tsra_r,2.0,0.5,0.125,0.09104938271604938,9.5,3.0,0.177608024691358,333.0,15.0,64.0,5.0,21.0
2048,E6_ml_aura_tsra_r,2.0,0.5,0.125,0.08477011494252873,9.5,3.0,0.1744683908045977,340.0,9.0,64.0,5.0,23.0
2048,E7_ml_aura_ml_tsra_r,2.0,0.75,0.1875,0.0329512893982808,13.25,3.0,0.18293397803247374,353.0,6.0,63.0,5.0,30.0
2049,E1_baseline,3.0,0.5,0.5,0.33902439024390246,33.0,0.0,0.4645121951219512,337.0,2.0,76.0,0.0,0.0
2049,E2_fixed_attack,37.05,0.5,0.5,0.5376344086021505,67.05,0.0,0.722,335.0,5.0,80.0,1.0,0.0
2049,E3_rule_aura,171.45,0.25,0.25,0.8278481012658228,186.45,0.0,0.8250000000000001,147.0,2.0,32.0,5.0,0.0
2049,E4_rule_aura_basic_defense,3.0,0.5,0.125,0.09982788296041308,10.5,0.0,0.13866394148020655,331.0,5.0,75.0,5.0,19.0
2049,E5_rule_aura_tsra_r,2.0,0.5,0.125,0.02826379542395693,9.5,3.0,0.1462152310453118,351.0,7.0,68.0,5.0,26.0
2049,E6_ml_aura_tsra_r,2.0,0.5,0.125,0.0286493860845839,9.5,3.0,0.14640802637562528,348.0,10.0,70.0,5.0,25.0
2049,E7_ml_aura_ml_tsra_r,4.700000000000003,0.5,0.125,0.05913978494623656,12.200000000000003,3.0,0.1796532258064516,366.0,7.0,87.0,5.0,32.0
2050,E1_baseline,3.0,0.5,0.5,0.2935323383084577,33.0,0.0,0.44176616915422884,338.0,3.0,78.0,0.0,0.0
2050,E2_fixed_attack,28.64999999999999,0.5,0.5,0.5542406311637081,58.64999999999999,0.0,0.6659999999999999,358.0,6.0,88.0,1.0,0.0
2050,E3_rule_aura,170.34999999999997,0.75,0.75,0.8355437665782494,215.34999999999997,0.0,0.9500000000000001,128.0,5.0,18.0,5.0,0.0
2050,E4_rule_aura_basic_defense,2.0,0.5,0.125,0.07952622673434856,9.5,0.0,0.12184644670050761,341.0,4.0,76.0,5.0,19.0
2050,E5_rule_aura_tsra_r,2.0,0.5,0.125,0.06092124814264487,9.5,3.0,0.16254395740465577,356.0,16.0,74.0,5.0,22.0
2050,E6_ml_aura_tsra_r,2.0,0.5,0.125,0.06466876971608833,9.5,3.0,0.1644177181913775,338.0,12.0,67.0,5.0,22.0
2050,E7_ml_aura_ml_tsra_r,2.0,0.5,0.125,0.03328509406657019,9.5,3.0,0.14872588036661843,343.0,18.0,63.0,5.0,29.0
2051,E1_baseline,4.0,0.5,0.5,0.3538812785388128,34.0,0.0,0.47860730593607304,348.0,0.0,74.0,0.0,0.0
2051,E2_fixed_attack,53.0,0.5,0.5,0.6245059288537549,83.0,0.0,0.8283333333333333,341.0,7.0,72.0,1.0,0.0
2051,E3_rule_aura,176.79999999999995,0.25,0.25,0.8186666666666667,191.79999999999995,0.0,0.8250000000000001,128.0,2.0,25.0,5.0,0.0
2051,E4_rule_aura_basic_defense,2.0,0.5,0.125,0.025951557093425604,9.5,0.0,0.09505911188004613,327.0,2.0,78.0,5.0,21.0
2051,E5_rule_aura_tsra_r,2.0,0.5,0.125,0.022189349112426034,9.5,3.0,0.14317800788954635,362.0,12.0,75.0,5.0,24.0
2051,E6_ml_aura_tsra_r,2.0,0.5,0.125,0.02097902097902098,9.5,3.0,0.14257284382284383,353.0,10.0,78.0,5.0,27.0
2051,E7_ml_aura_ml_tsra_r,4.75,0.5,0.125,0.042666666666666665,12.25,3.0,0.17175,375.0,10.0,76.0,5.0,31.0
2052,E1_baseline,3.0,0.5,0.5,0.35251798561151076,33.0,0.0,0.47125899280575534,334.0,5.0,70.0,0.0,0.0
2052,E2_fixed_attack,39.3,0.5,0.5,0.5741525423728814,69.3,0.0,0.7369999999999999,330.0,4.0,75.0,1.0,0.0
2052,E3_rule_aura,139.1,0.75,0.75,0.8167539267015707,184.1,0.0,0.9500000000000001,137.0,4.0,24.0,5.0,0.0
2052,E4_rule_aura_basic_defense,2.0,0.5,0.125,0.0855614973262032,9.5,0.0,0.12486408199643494,314.0,5.0,69.0,5.0,20.0
2052,E5_rule_aura_tsra_r,2.0,0.5,0.125,0.13253012048192772,9.5,3.0,0.19834839357429718,362.0,10.0,89.0,5.0,21.0
2052,E6_ml_aura_tsra_r,1.2000000000000028,0.5,0.125,0.07586206896551724,8.700000000000003,3.0,0.16468103448275867,354.0,11.0,77.0,5.0,24.0
2052,E7_ml_aura_ml_tsra_r,2.0,0.5,0.125,0.04647887323943662,9.5,3.0,0.15532276995305164,355.0,9.0,77.0,5.0,32.0
2053,E1_baseline,3.0,0.5,0.5,0.3106060606060606,33.0,0.0,0.4503030303030303,324.0,2.0,77.0,0.0,0.0
2053,E2_fixed_attack,47.75,0.5,0.5,0.5548654244306418,77.75,0.0,0.7933333333333333,327.0,1.0,66.0,1.0,0.0
2053,E3_rule_aura,153.75,1.0,1.0,0.798941798941799,213.75,0.0,0.9500000000000001,123.0,0.0,16.0,5.0,0.0
2053,E4_rule_aura_basic_defense,2.0,0.5,0.125,0.06565656565656566,9.5,0.0,0.11491161616161616,335.0,2.0,69.0,5.0,23.0
2053,E5_rule_aura_tsra_r,2.0,0.5,0.125,0.06430868167202572,9.5,3.0,0.1642376741693462,341.0,10.0,74.0,5.0,24.0
2053,E6_ml_aura_tsra_r,1.5999999999999943,0.5,0.125,0.055020632737276476,9.099999999999994,3.0,0.1569269830353049,340.0,8.0,69.0,5.0,24.0
2053,E7_ml_aura_ml_tsra_r,1.0,0.5,0.125,0.056179775280898875,8.5,3.0,0.1535065543071161,347.0,9.0,69.0,5.0,32.0
2054,E1_baseline,3.0,0.5,0.5,0.32387706855791965,33.0,0.0,0.4569385342789598,340.0,0.0,64.0,0.0,0.0
2054,E2_fixed_attack,45.949999999999996,0.5,0.5,0.5664621676891616,75.94999999999999,0.0,0.7813333333333333,342.0,4.0,68.0,1.0,0.0
2054,E3_rule_aura,167.89999999999998,0.5,0.5,0.826530612244898,197.89999999999998,0.0,0.9500000000000001,144.0,1.0,19.0,5.0,0.0
2054,E4_rule_aura_basic_defense,2.0,0.5,0.125,0.01549053356282272,9.5,0.0,0.08982860011474468,333.0,1.0,59.0,5.0,22.0
2054,E5_rule_aura_tsra_r,1.0,0.5,0.125,0.0063532401524777635,8.5,3.0,0.12859328674290554,379.0,3.0,65.0,5.0,26.0
2054,E6_ml_aura_tsra_r,1.0,0.5,0.125,0.006561679790026247,8.5,3.0,0.12869750656167978,379.0,3.0,76.0,5.0,26.0
2054,E7_ml_aura_ml_tsra_r,2.0,0.5,0.125,0.031205673758865248,9.5,3.0,0.14768617021276595,359.0,7.0,71.0,5.0,30.0
2055,E1_baseline,3.0,0.5,0.5,0.3672055427251732,33.0,0.0,0.47860277136258655,345.0,6.0,82.0,0.0,0.0
2055,E2_fixed_attack,15.450000000000003,0.5,0.5,0.5506329113924051,45.45,0.0,0.578,328.0,7.0,72.0,1.0,0.0
2055,E3_rule_aura,146.6,0.25,0.25,0.8320802005012531,161.6,0.0,0.8096666666666668,144.0,8.0,27.0,5.0,0.0
2055,E4_rule_aura_basic_defense,2.0,0.5,0.125,0.0423728813559322,9.5,0.0,0.10326977401129943,334.0,6.0,82.0,5.0,23.0
2055,E5_rule_aura_tsra_r,2.0,0.5,0.125,0.03840245775729647,9.5,3.0,0.15128456221198155,353.0,13.0,85.0,5.0,24.0
2055,E6_ml_aura_tsra_r,1.8499999999999943,0.5,0.125,0.03531073446327684,9.349999999999994,3.0,0.1487387005649717,354.0,12.0,84.0,5.0,26.0
2055,E7_ml_aura_ml_tsra_r,1.8499999999999943,0.5,0.125,0.03531073446327684,9.349999999999994,3.0,0.1487387005649717,354.0,12.0,84.0,5.0,36.0
