seed,condition,disabled_action,experiment,p95_critical_latency_sec,stale_data_ratio,trusted_stale_exposure,priority_inversion_rate,kill_chain_delay_sec,recovery_instability,mission_impact,delivered_count,dropped_count,critical_delivered_count,attack_count,defense_count
2026,full,none,tsra_ablation_full,1.2999999999999972,0.5,0.125,0.019345238095238096,8.799999999999997,1.0,0.10375595238095237,367.0,1.0,75.0,5.0,22.0
2026,no_priority_reroute,priority_reroute,tsra_ablation_no_priority_reroute,2.0,0.5,0.125,0.4645550527903469,9.5,3.0,0.33208333333333334,369.0,9.0,75.0,5.0,17.0
2026,no_video_throttle,video_throttle,tsra_ablation_no_video_throttle,1.0499999999999972,0.5,0.125,0.01903367496339678,8.549999999999997,1.0,0.10193350414836502,356.0,0.0,80.0,5.0,16.0
2026,no_stale_badge,stale_badge,tsra_ablation_no_stale_badge,1.2999999999999972,0.5,0.5,0.019345238095238096,31.299999999999997,1.0,0.3100059523809524,367.0,1.0,75.0,5.0,14.0
2026,no_pace_switch,pace_switch,tsra_ablation_no_pace_switch,2.0,0.5,0.125,0.021739130434782608,9.5,0.0,0.09295289855072462,348.0,3.0,85.0,5.0,24.0
2027,full,none,tsra_ablation_full,2.0,0.5,0.125,0.0141287284144427,9.5,2.0,0.12248103087388801,371.0,9.0,81.0,5.0,24.0
2027,no_priority_reroute,priority_reroute,tsra_ablation_no_priority_reroute,5.699999999999974,0.5,0.125,0.47234678624813153,13.199999999999974,3.0,0.3567499999999998,368.0,6.0,83.0,5.0,16.0
2027,no_video_throttle,video_throttle,tsra_ablation_no_video_throttle,1.0,0.5,0.125,0.012893982808022923,8.5,1.0,0.09853032473734478,365.0,4.0,83.0,5.0,16.0
2027,no_stale_badge,stale_badge,tsra_ablation_no_stale_badge,2.0,0.5,0.5,0.0141287284144427,32.0,2.0,0.328731030873888,371.0,9.0,81.0,5.0,15.0
2027,no_pace_switch,pace_switch,tsra_ablation_no_pace_switch,2.0,0.5,0.125,0.015151515151515152,9.5,0.0,0.0896590909090909,339.0,2.0,69.0,5.0,21.0
2028,full,none,tsra_ablation_full,2.0,0.5,0.125,0.047619047619047616,9.5,2.0,0.13922619047619048,338.0,13.0,79.0,5.0,21.0
2028,no_priority_reroute,priority_reroute,tsra_ablation_no_priority_reroute,2.0,0.5,0.125,0.42512908777969016,9.5,3.0,0.33208333333333334,326.0,11.0,80.0,5.0,17.0
2028,no_video_throttle,video_throttle,tsra_ablation_no_video_throttle,1.0,0.5,0.125,0.034074074074074076,8.5,1.0,0.10912037037037037,349.0,9.0,83.0,5.0,17.0
2028,no_stale_badge,stale_badge,tsra_ablation_no_stale_badge,2.0,0.5,0.5,0.047619047619047616,32.0,2.0,0.34547619047619044,338.0,13.0,79.0,5.0,13.0
2028,no_pace_switch,pace_switch,tsra_ablation_no_pace_switch,2.0,0.5,0.125,0.039383561643835614,9.5,0.0,0.10177511415525113,325.0,7.0,73.0,5.0,22.0
2029,full,none,tsra_ablation_full,2.0,0.5,0.125,0.03801652892561983,9.5,2.0,0.13442493112947657,342.0,14.0,77.0,5.0,21.0
2029,no_priority_reroute,priority_reroute,tsra_ablation_no_priority_reroute,2.1499999999999915,0.5,0.125,0.5138036809815951,9.649999999999991,3.0,0.3330833333333333,358.0,11.0,80.0,5.0,17.0
2029,no_video_throttle,video_throttle,tsra_ablation_no_video_throttle,2.0,0.5,0.125,0.0343796711509716,9.5,1.0,0.11593983557548579,339.0,7.0,74.0,5.0,15.0
2029,no_stale_badge,stale_badge,tsra_ablation_no_stale_badge,2.0,0.5,0.5,0.03801652892561983,32.0,2.0,0.34067493112947655,342.0,14.0,77.0,5.0,14.0
2029,no_pace_switch,pace_switch,tsra_ablation_no_pace_switch,2.0,0.5,0.125,0.039723661485319514,9.5,0.0,0.10194516407599309,324.0,5.0,75.0,5.0,22.0
2030,full,none,tsra_ablation_full,2.0,0.5,0.125,0.02204724409448819,9.5,2.0,0.12644028871391075,359.0,7.0,73.0,5.0,23.0
2030,no_priority_reroute,priority_reroute,tsra_ablation_no_priority_reroute,3.799999999999997,0.5,0.125,0.4558359621451104,11.299999999999997,3.0,0.3440833333333333,353.0,7.0,65.0,5.0,18.0
2030,no_video_throttle,video_throttle,tsra_ablation_no_video_throttle,1.0,0.5,0.125,0.019858156028368795,8.5,1.0,0.10201241134751772,359.0,2.0,72.0,5.0,17.0
2030,no_stale_badge,stale_badge,tsra_ablation_no_stale_badge,2.0,0.5,0.5,0.02204724409448819,32.0,2.0,0.33269028871391076,359.0,7.0,73.0,5.0,15.0
2030,no_pace_switch,pace_switch,tsra_ablation_no_pace_switch,2.0,0.5,0.125,0.023178807947019868,9.5,0.0,0.09367273730684327,341.0,3.0,74.0,5.0,23.0
2031,full,none,tsra_ablation_full,2.0,0.5,0.125,0.11698717948717949,9.5,3.0,0.19057692307692303,339.0,9.0,72.0,5.0,22.0
2031,no_priority_reroute,priority_reroute,tsra_ablation_no_priority_reroute,2.75,0.5,0.125,0.4451939291736931,10.25,3.0,0.33708333333333335,334.0,9.0,66.0,5.0,17.0
2031,no_video_throttle,video_throttle,tsra_ablation_no_video_throttle,2.0,0.5,0.125,0.03,9.5,1.0,0.11374999999999999,365.0,2.0,86.0,5.0,15.0
2031,no_stale_badge,stale_badge,tsra_ablation_no_stale_badge,2.0,0.5,0.5,0.11698717948717949,32.0,3.0,0.3968269230769231,339.0,9.0,72.0,5.0,14.0
2031,no_pace_switch,pace_switch,tsra_ablation_no_pace_switch,2.0,0.5,0.125,0.03614457831325301,9.5,0.0,0.10015562248995984,329.0,2.0,76.0,5.0,22.0
2032,full,none,tsra_ablation_full,2.0,0.5,0.125,0.031096563011456628,9.5,2.0,0.13096494817239498,340.0,10.0,74.0,5.0,22.0
2032,no_priority_reroute,priority_reroute,tsra_ablation_no_priority_reroute,3.0,0.5,0.125,0.5243161094224924,10.5,3.0,0.33875,343.0,5.0,79.0,5.0,17.0
2032,no_video_throttle,video_throttle,tsra_ablation_no_video_throttle,1.5,0.5,0.125,0.01228878648233487,9.0,1.0,0.1015610599078341,326.0,9.0,71.0,5.0,15.0
2032,no_stale_badge,stale_badge,tsra_ablation_no_stale_badge,2.0,0.5,0.5,0.031096563011456628,32.0,2.0,0.33721494817239495,340.0,10.0,74.0,5.0,14.0
2032,no_pace_switch,pace_switch,tsra_ablation_no_pace_switch,2.0,0.5,0.125,0.014084507042253521,9.5,0.0,0.08912558685446009,315.0,5.0,75.0,5.0,22.0
2033,full,none,tsra_ablation_full,2.0,0.5,0.125,0.0109717868338558,9.5,2.0,0.12090256008359457,351.0,13.0,78.0,5.0,24.0
2033,no_priority_reroute,priority_reroute,tsra_ablation_no_priority_reroute,2.0,0.5,0.125,0.5045731707317073,9.5,3.0,0.33208333333333334,345.0,8.0,67.0,5.0,17.0
2033,no_video_throttle,video_throttle,tsra_ablation_no_video_throttle,1.0,0.5,0.125,0.010174418604651164,8.5,1.0,0.0971705426356589,349.0,10.0,69.0,5.0,15.0
2033,no_stale_badge,stale_badge,tsra_ablation_no_stale_badge,2.0,0.5,0.5,0.0109717868338558,32.0,2.0,0.32715256008359456,351.0,13.0,78.0,5.0,16.0
2033,no_pace_switch,pace_switch,tsra_ablation_no_pace_switch,2.0,0.5,0.125,0.025041736227045076,9.5,0.0,0.09460420144685587,341.0,5.0,80.0,5.0,20.0
2034,full,none,tsra_ablation_full,2.0,0.5,0.125,0.024691358024691357,9.5,2.0,0.12776234567901235,325.0,9.0,70.0,5.0,23.0
2034,no_priority_reroute,priority_reroute,tsra_ablation_no_priority_reroute,2.799999999999997,0.5,0.125,0.418212478920742,10.299999999999997,3.0,0.33741666666666664,346.0,9.0,85.0,5.0,15.0
2034,no_video_throttle,video_throttle,tsra_ablation_no_video_throttle,2.0,0.75,0.1875,0.006747638326585695,13.25,2.0,0.1531654858299595,333.0,10.0,60.0,5.0,16.0
2034,no_stale_badge,stale_badge,tsra_ablation_no_stale_badge,2.0,0.5,0.5,0.024691358024691357,32.0,2.0,0.33401234567901233,325.0,9.0,70.0,5.0,14.0
2034,no_pace_switch,pace_switch,tsra_ablation_no_pace_switch,2.0,0.5,0.125,0.008389261744966443,9.5,0.0,0.08627796420581654,335.0,2.0,78.0,5.0,24.0
2035,full,none,tsra_ablation_full,1.0,0.5,0.125,0.045454545454545456,8.5,1.0,0.11481060606060606,350.0,5.0,80.0,5.0,23.0
2035,no_priority_reroute,priority_reroute,tsra_ablation_no_priority_reroute,5.049999999999997,0.5,0.125,0.5255255255255256,12.549999999999997,3.0,0.35241666666666666,348.0,9.0,80.0,5.0,18.0
2035,no_video_throttle,video_throttle,tsra_ablation_no_video_throttle,1.0,0.5,0.125,0.0074850299401197605,8.5,1.0,0.0958258483033932,341.0,7.0,76.0,5.0,16.0
2035,no_stale_badge,stale_badge,tsra_ablation_no_stale_badge,1.0,0.5,0.5,0.045454545454545456,31.0,1.0,0.32106060606060605,350.0,5.0,80.0,5.0,14.0
2035,no_pace_switch,pace_switch,tsra_ablation_no_pace_switch,3.0,0.5,0.125,0.04639175257731959,10.5,0.0,0.11194587628865979,326.0,10.0,74.0,5.0,23.0
2036,full,none,tsra_ablation_full,2.0,0.5,0.125,0.0296875,9.5,1.0,0.11359375,338.0,10.0,75.0,5.0,24.0
2036,no_priority_reroute,priority_reroute,tsra_ablation_no_priority_reroute,3.5,0.5,0.125,0.4431239388794567,11.0,3.0,0.34208333333333335,315.0,6.0,76.0,5.0,17.0
2036,no_video_throttle,video_throttle,tsra_ablation_no_video_throttle,2.0,0.5,0.125,0.004418262150220913,9.5,1.0,0.10095913107511045,349.0,2.0,72.0,5.0,17.0
2036,no_stale_badge,stale_badge,tsra_ablation_no_stale_badge,2.0,0.5,0.5,0.0296875,32.0,1.0,0.31984375,338.0,10.0,75.0,5.0,16.0
2036,no_pace_switch,pace_switch,tsra_ablation_no_pace_switch,2.0,0.5,0.125,0.13485113835376533,9.5,0.0,0.14950890251021598,319.0,1.0,72.0,5.0,23.0
2037,full,none,tsra_ablation_full,2.0,0.5,0.125,0.0959119496855346,9.5,3.0,0.18003930817610064,358.0,9.0,79.0,5.0,23.0
2037,no_priority_reroute,priority_reroute,tsra_ablation_no_priority_reroute,2.0,0.5,0.125,0.3895253682487725,9.5,3.0,0.3268460174577196,350.0,11.0,79.0,5.0,18.0
2037,no_video_throttle,video_throttle,tsra_ablation_no_video_throttle,2.0,0.5,0.125,0.013647642679900745,9.5,2.0,0.12224048800661702,357.0,11.0,82.0,5.0,19.0
2037,no_stale_badge,stale_badge,tsra_ablation_no_stale_badge,2.0,0.5,0.5,0.0959119496855346,32.0,3.0,0.38628930817610063,358.0,9.0,79.0,5.0,15.0
2037,no_pace_switch,pace_switch,tsra_ablation_no_pace_switch,2.0,0.5,0.125,0.11130742049469965,9.5,0.0,0.13773704358068314,316.0,7.0,78.0,5.0,23.0
2038,full,none,tsra_ablation_full,2.0,0.5,0.125,0.029459901800327332,9.5,2.0,0.13014661756683032,366.0,7.0,97.0,5.0,23.0
2038,no_priority_reroute,priority_reroute,tsra_ablation_no_priority_reroute,4.0,0.5,0.125,0.5007949125596184,11.5,3.0,0.34541666666666665,344.0,8.0,81.0,5.0,18.0
2038,no_video_throttle,video_throttle,tsra_ablation_no_video_throttle,2.0,0.5,0.125,0.02608695652173913,9.5,1.0,0.11179347826086956,367.0,6.0,92.0,5.0,16.0
2038,no_stale_badge,stale_badge,tsra_ablation_no_stale_badge,2.0,0.5,0.5,0.029459901800327332,32.0,2.0,0.3363966175668303,366.0,7.0,97.0,5.0,15.0
2038,no_pace_switch,pace_switch,tsra_ablation_no_pace_switch,2.0,0.5,0.125,0.057724957555178265,9.5,0.0,0.11094581211092246,338.0,8.0,83.0,5.0,23.0
2039,full,none,tsra_ablation_full,2.0,0.5,0.125,0.05048543689320388,9.5,2.0,0.1406593851132686,327.0,3.0,77.0,5.0,22.0
2039,no_priority_reroute,priority_reroute,tsra_ablation_no_priority_reroute,4.75,0.5,0.125,0.659270998415214,12.25,3.0,0.35041666666666665,345.0,8.0,86.0,5.0,18.0
2039,no_video_throttle,video_throttle,tsra_ablation_no_video_throttle,2.3999999999999915,0.5,0.125,0.04626865671641791,9.899999999999991,1.0,0.12455099502487556,338.0,6.0,73.0,5.0,15.0
2039,no_stale_badge,stale_badge,tsra_ablation_no_stale_badge,2.0,0.5,0.5,0.05048543689320388,32.0,2.0,0.3469093851132686,327.0,3.0,77.0,5.0,14.0
2039,no_pace_switch,pace_switch,tsra_ablation_no_pace_switch,4.0,0.5,0.125,0.03590664272890485,11.5,0.0,0.11336998803111908,328.0,15.0,85.0,5.0,20.0
2040,full,none,tsra_ablation_full,2.0,0.5,0.125,0.011146496815286623,9.5,2.0,0.12098991507430998,360.0,6.0,86.0,5.0,24.0
2040,no_priority_reroute,priority_reroute,tsra_ablation_no_priority_reroute,2.0,0.5,0.125,0.46192052980132453,9.5,3.0,0.33208333333333334,342.0,7.0,75.0,5.0,18.0
2040,no_video_throttle,video_throttle,tsra_ablation_no_video_throttle,1.0,0.5,0.125,0.010057471264367816,8.5,1.0,0.09711206896551723,352.0,2.0,76.0,5.0,18.0
2040,no_stale_badge,stale_badge,tsra_ablation_no_stale_badge,2.0,0.5,0.5,0.011146496815286623,32.0,2.0,0.32723991507431,360.0,6.0,86.0,5.0,16.0
2040,no_pace_switch,pace_switch,tsra_ablation_no_pace_switch,2.0,0.5,0.125,0.01174496644295302,9.5,0.0,0.08795581655480984,339.0,3.0,81.0,5.0,22.0
2041,full,none,tsra_ablation_full,2.0,0.5,0.125,0.06210191082802548,9.5,2.0,0.1464676220806794,347.0,11.0,68.0,5.0,23.0
2041,no_priority_reroute,priority_reroute,tsra_ablation_no_priority_reroute,3.0,0.5,0.125,0.514637904468413,10.5,3.0,0.33875,342.0,4.0,73.0,5.0,18.0
2041,no_video_throttle,video_throttle,tsra_ablation_no_video_throttle,2.0,0.5,0.125,0.03015075376884422,9.5,2.0,0.13049204355108876,350.0,7.0,67.0,5.0,17.0
2041,no_stale_badge,stale_badge,tsra_ablation_no_stale_badge,2.0,0.5,0.5,0.06210191082802548,32.0,2.0,0.3527176220806794,347.0,11.0,68.0,5.0,14.0
2041,no_pace_switch,pace_switch,tsra_ablation_no_pace_switch,2.0,0.5,0.125,0.05326460481099656,9.5,0.0,0.10871563573883161,331.0,2.0,73.0,5.0,23.0
2042,full,none,tsra_ablation_full,2.0,0.5,0.125,0.047244094488188976,9.5,2.0,0.13903871391076114,329.0,8.0,60.0,5.0,23.0
2042,no_priority_reroute,priority_reroute,tsra_ablation_no_priority_reroute,2.6499999999999986,0.5,0.125,0.4730639730639731,10.149999999999999,3.0,0.33641666666666664,315.0,11.0,68.0,5.0,17.0
2042,no_video_throttle,video_throttle,tsra_ablation_no_video_throttle,1.0,0.5,0.125,0.02710843373493976,8.5,1.0,0.1056375502008032,333.0,5.0,72.0,5.0,16.0
2042,no_stale_badge,stale_badge,tsra_ablation_no_stale_badge,2.0,0.5,0.5,0.047244094488188976,32.0,2.0,0.34528871391076116,329.0,8.0,60.0,5.0,14.0
2042,no_pace_switch,pace_switch,tsra_ablation_no_pace_switch,2.0,0.5,0.125,0.044169611307420496,9.5,0.0,0.10416813898704358,310.0,7.0,68.0,5.0,20.0
2043,full,none,tsra_ablation_full,2.0,0.5,0.125,0.0630048465266559,9.5,2.0,0.1469190899299946,356.0,10.0,69.0,5.0,23.0
2043,no_priority_reroute,priority_reroute,tsra_ablation_no_priority_reroute,2.0,0.5,0.125,0.45622119815668205,9.5,3.0,0.33208333333333334,389.0,8.0,81.0,5.0,18.0
2043,no_video_throttle,video_throttle,tsra_ablation_no_video_throttle,2.0,0.5,0.125,0.043478260869565216,9.5,2.0,0.13715579710144926,344.0,9.0,63.0,5.0,19.0
2043,no_stale_badge,stale_badge,tsra_ablation_no_stale_badge,2.0,0.5,0.5,0.0630048465266559,32.0,2.0,0.35316908992999463,356.0,10.0,69.0,5.0,14.0
2043,no_pace_switch,pace_switch,tsra_ablation_no_pace_switch,2.0,0.5,0.125,0.0587248322147651,9.5,0.0,0.11144574944071588,342.0,8.0,73.0,5.0,24.0
2044,full,none,tsra_ablation_full,2.0,0.5,0.125,0.06231003039513678,9.5,3.0,0.16323834853090172,345.0,7.0,81.0,5.0,25.0
2044,no_priority_reroute,priority_reroute,tsra_ablation_no_priority_reroute,3.0,0.5,0.125,0.4791044776119403,10.5,3.0,0.33875,335.0,14.0,73.0,5.0,17.0
2044,no_video_throttle,video_throttle,tsra_ablation_no_video_throttle,2.0,0.5,0.125,0.04526166902404526,9.5,2.0,0.1380475011786893,344.0,9.0,85.0,5.0,15.0
2044,no_stale_badge,stale_badge,tsra_ablation_no_stale_badge,2.0,0.5,0.5,0.06231003039513678,32.0,3.0,0.36948834853090173,345.0,7.0,81.0,5.0,17.0
2044,no_pace_switch,pace_switch,tsra_ablation_no_pace_switch,2.0,0.5,0.125,0.07105719237435008,9.5,0.0,0.11761192952050838,307.0,7.0,71.0,5.0,22.0
2045,full,none,tsra_ablation_full,1.0,0.5,0.125,0.017518248175182483,8.5,1.0,0.10084245742092457,362.0,11.0,83.0,5.0,24.0
2045,no_priority_reroute,priority_reroute,tsra_ablation_no_priority_reroute,2.0,0.5,0.125,0.5007363770250368,9.5,3.0,0.33208333333333334,369.0,13.0,82.0,5.0,19.0
2045,no_video_throttle,video_throttle,tsra_ablation_no_video_throttle,1.0,0.5,0.125,0.017316017316017316,8.5,1.0,0.10074134199134198,352.0,6.0,76.0,5.0,17.0
2045,no_stale_badge,stale_badge,tsra_ablation_no_stale_badge,1.0,0.5,0.5,0.017518248175182483,31.0,1.0,0.30709245742092456,362.0,11.0,83.0,5.0,15.0
2045,no_pace_switch,pace_switch,tsra_ablation_no_pace_switch,2.0,0.5,0.125,0.020100502512562814,9.5,0.0,0.09213358458961474,334.0,6.0,81.0,5.0,21.0
2046,full,none,tsra_ablation_full,2.0,0.5,0.125,0.06743421052631579,9.5,2.0,0.14913377192982455,354.0,4.0,83.0,5.0,22.0
2046,no_priority_reroute,priority_reroute,tsra_ablation_no_priority_reroute,4.849999999999994,0.5,0.125,0.4546925566343042,12.349999999999994,3.0,0.3510833333333333,344.0,8.0,64.0,5.0,18.0
2046,no_video_throttle,video_throttle,tsra_ablation_no_video_throttle,2.0,0.5,0.125,0.030257186081694403,9.5,1.0,0.1138785930408472,335.0,5.0,69.0,5.0,16.0
2046,no_stale_badge,stale_badge,tsra_ablation_no_stale_badge,2.0,0.5,0.5,0.06743421052631579,32.0,2.0,0.35538377192982457,354.0,4.0,83.0,5.0,14.0
2046,no_pace_switch,pace_switch,tsra_ablation_no_pace_switch,2.0,0.5,0.125,0.03436426116838488,9.5,0.0,0.09926546391752576,329.0,2.0,70.0,5.0,22.0
2047,full,none,tsra_ablation_full,1.0,0.5,0.125,0.10101010101010101,8.5,3.0,0.17592171717171717,347.0,4.0,69.0,5.0,24.0
2047,no_priority_reroute,priority_reroute,tsra_ablation_no_priority_reroute,3.0,0.5,0.125,0.36260162601626017,10.5,3.0,0.32005081300813004,343.0,10.0,70.0,5.0,16.0
2047,no_video_throttle,video_throttle,tsra_ablation_no_video_throttle,2.0,0.5,0.125,0.06315789473684211,9.5,3.0,0.16366228070175437,339.0,13.0,71.0,5.0,19.0
2047,no_stale_badge,stale_badge,tsra_ablation_no_stale_badge,1.0,0.5,0.5,0.10101010101010101,31.0,3.0,0.38217171717171716,347.0,4.0,69.0,5.0,15.0
2047,no_pace_switch,pace_switch,tsra_ablation_no_pace_switch,2.0,0.5,0.125,0.06303236797274275,9.5,0.0,0.1135995173197047,333.0,1.0,79.0,5.0,22.0
2048,full,none,tsra_ablation_full,2.0,0.5,0.125,0.09104938271604938,9.5,3.0,0.177608024691358,333.0,15.0,64.0,5.0,21.0
2048,no_priority_reroute,priority_reroute,tsra_ablation_no_priority_reroute,2.0,0.5,0.125,0.46153846153846156,9.5,3.0,0.33208333333333334,351.0,5.0,73.0,5.0,17.0
2048,no_video_throttle,video_throttle,tsra_ablation_no_video_throttle,2.0,0.5,0.125,0.0701058201058201,9.5,3.0,0.1671362433862434,348.0,11.0,74.0,5.0,17.0
2048,no_stale_badge,stale_badge,tsra_ablation_no_stale_badge,2.0,0.5,0.5,0.09104938271604938,32.0,3.0,0.383858024691358,333.0,15.0,64.0,5.0,14.0
2048,no_pace_switch,pace_switch,tsra_ablation_no_pace_switch,2.0,0.5,0.125,0.04861111111111111,9.5,0.0,0.10638888888888888,320.0,3.0,63.0,5.0,22.0
2049,full,none,tsra_ablation_full,2.0,0.5,0.125,0.02912621359223301,9.5,2.0,0.12997977346278317,353.0,6.0,71.0,5.0,25.0
2049,no_priority_reroute,priority_reroute,tsra_ablation_no_priority_reroute,5.0,0.5,0.125,0.5117739403453689,12.5,3.0,0.35208333333333336,347.0,8.0,79.0,5.0,17.0
2049,no_video_throttle,video_throttle,tsra_ablation_no_video_throttle,2.0,0.5,0.125,0.02551640340218712,9.5,2.0,0.12817486836776024,376.0,3.0,87.0,5.0,17.0
2049,no_stale_badge,stale_badge,tsra_ablation_no_stale_badge,2.0,0.5,0.5,0.02912621359223301,32.0,2.0,0.33622977346278315,353.0,6.0,71.0,5.0,16.0
2049,no_pace_switch,pace_switch,tsra_ablation_no_pace_switch,3.0,0.5,0.125,0.09982788296041308,10.5,0.0,0.13866394148020655,331.0,5.0,75.0,5.0,19.0
2050,full,none,tsra_ablation_full,2.0,0.5,0.125,0.06847133757961783,9.5,3.0,0.16631900212314224,344.0,14.0,76.0,5.0,23.0
2050,no_priority_reroute,priority_reroute,tsra_ablation_no_priority_reroute,5.349999999999994,0.5,0.125,0.4682170542635659,12.849999999999994,3.0,0.3544166666666666,342.0,9.0,74.0,5.0,17.0
2050,no_video_throttle,video_throttle,tsra_ablation_no_video_throttle,1.0,0.5,0.125,0.03490136570561457,8.5,1.0,0.10953401618614061,344.0,5.0,78.0,5.0,15.0
2050,no_stale_badge,stale_badge,tsra_ablation_no_stale_badge,2.0,0.5,0.5,0.06847133757961783,32.0,3.0,0.37256900212314226,344.0,14.0,76.0,5.0,15.0
2050,no_pace_switch,pace_switch,tsra_ablation_no_pace_switch,2.0,0.5,0.125,0.07952622673434856,9.5,0.0,0.12184644670050761,341.0,4.0,76.0,5.0,19.0
2051,full,none,tsra_ablation_full,2.0,0.5,0.125,0.023622047244094488,9.5,2.0,0.12722769028871392,342.0,11.0,70.0,5.0,24.0
2051,no_priority_reroute,priority_reroute,tsra_ablation_no_priority_reroute,4.049999999999997,0.5,0.125,0.4716981132075472,11.549999999999997,3.0,0.34574999999999995,354.0,8.0,80.0,5.0,18.0
2051,no_video_throttle,video_throttle,tsra_ablation_no_video_throttle,1.0,0.5,0.125,0.022189349112426034,8.5,1.0,0.10317800788954634,346.0,4.0,80.0,5.0,15.0
2051,no_stale_badge,stale_badge,tsra_ablation_no_stale_badge,2.0,0.5,0.5,0.023622047244094488,32.0,2.0,0.3334776902887139,342.0,11.0,70.0,5.0,15.0
2051,no_pace_switch,pace_switch,tsra_ablation_no_pace_switch,2.0,0.5,0.125,0.025951557093425604,9.5,0.0,0.09505911188004613,327.0,2.0,78.0,5.0,21.0
2052,full,none,tsra_ablation_full,2.0,0.5,0.125,0.14426229508196722,9.5,2.0,0.18754781420765024,346.0,10.0,89.0,5.0,19.0
2052,no_priority_reroute,priority_reroute,tsra_ablation_no_priority_reroute,2.0,0.5,0.125,0.4242928452579035,9.5,3.0,0.33208333333333334,347.0,9.0,86.0,5.0,18.0
2052,no_video_throttle,video_throttle,tsra_ablation_no_video_throttle,2.0,0.5,0.125,0.03542673107890499,9.5,1.0,0.11646336553945248,311.0,10.0,70.0,5.0,17.0
2052,no_stale_badge,stale_badge,tsra_ablation_no_stale_badge,2.0,0.5,0.5,0.14426229508196722,32.0,2.0,0.39379781420765025,346.0,10.0,89.0,5.0,11.0
2052,no_pace_switch,pace_switch,tsra_ablation_no_pace_switch,2.0,0.5,0.125,0.0855614973262032,9.5,0.0,0.12486408199643494,314.0,5.0,69.0,5.0,20.0
2053,full,none,tsra_ablation_full,2.0,0.5,0.125,0.06568144499178982,9.5,3.0,0.16492405582922826,332.0,9.0,73.0,5.0,23.0
2053,no_priority_reroute,priority_reroute,tsra_ablation_no_priority_reroute,2.8499999999999943,0.5,0.125,0.43874172185430466,10.349999999999994,3.0,0.33774999999999994,332.0,6.0,64.0,5.0,17.0
2053,no_video_throttle,video_throttle,tsra_ablation_no_video_throttle,1.0999999999999943,0.5,0.125,0.055341055341055344,8.599999999999994,2.0,0.1370871943371943,345.0,6.0,59.0,5.0,17.0
2053,no_stale_badge,stale_badge,tsra_ablation_no_stale_badge,2.0,0.5,0.5,0.06568144499178982,32.0,3.0,0.37117405582922824,332.0,9.0,73.0,5.0,15.0
2053,no_pace_switch,pace_switch,tsra_ablation_no_pace_switch,2.0,0.5,0.125,0.06565656565656566,9.5,0.0,0.11491161616161616,335.0,2.0,69.0,5.0,23.0
2054,full,none,tsra_ablation_full,1.0,0.5,0.125,0.007473841554559043,8.5,1.0,0.09582025411061285,366.0,2.0,68.0,5.0,23.0
2054,no_priority_reroute,priority_reroute,tsra_ablation_no_priority_reroute,2.0,0.5,0.125,0.47495961227786754,9.5,3.0,0.33208333333333334,335.0,9.0,48.0,5.0,17.0
2054,no_video_throttle,video_throttle,tsra_ablation_no_video_throttle,1.0,0.5,0.125,0.007320644216691069,8.5,1.0,0.09574365544167886,348.0,2.0,62.0,5.0,17.0
2054,no_stale_badge,stale_badge,tsra_ablation_no_stale_badge,1.0,0.5,0.5,0.007473841554559043,31.0,1.0,0.30207025411061283,366.0,2.0,68.0,5.0,15.0
2054,no_pace_switch,pace_switch,tsra_ablation_no_pace_switch,2.0,0.5,0.125,0.01549053356282272,9.5,0.0,0.08982860011474468,333.0,1.0,59.0,5.0,22.0
2055,full,none,tsra_ablation_full,2.0,0.5,0.125,0.04926108374384237,9.5,2.0,0.14004720853858785,351.0,9.0,79.0,5.0,24.0
2055,no_priority_reroute,priority_reroute,tsra_ablation_no_priority_reroute,2.0,0.75,0.1875,0.5210355987055016,13.25,3.0,0.36645833333333333,342.0,4.0,85.0,5.0,17.0
2055,no_video_throttle,video_throttle,tsra_ablation_no_video_throttle,2.0,0.5,0.125,0.044444444444444446,9.5,1.0,0.12097222222222222,345.0,3.0,75.0,5.0,17.0
2055,no_stale_badge,stale_badge,tsra_ablation_no_stale_badge,2.0,0.5,0.5,0.04926108374384237,32.0,2.0,0.34629720853858786,351.0,9.0,79.0,5.0,15.0
2055,no_pace_switch,pace_switch,tsra_ablation_no_pace_switch,2.0,0.5,0.125,0.0423728813559322,9.5,0.0,0.10326977401129943,334.0,6.0,82.0,5.0,23.0
