experiment,time_sec,event_id,agent,action,severity,effect_window_sec,active_link,operator_alert,related_attack_context,before_mission_impact,after_mission_impact,delta_mission_impact,peak_mission_impact_in_window,before_p95_critical_latency_sec,after_p95_critical_latency_sec,delta_p95_critical_latency_sec,before_trusted_stale_exposure,after_trusted_stale_exposure,delta_trusted_stale_exposure,before_priority_inversion_rate,after_priority_inversion_rate,delta_priority_inversion_rate,observed_effect,interpretation,safety_boundary
E5_rule_aura_tsra_r,20,def-00001,TSRA-R,stale_badge,medium,30,SATCOM,COP stale confidence badge active; stale_ratio=0.5.,near_future; atk-00001; queue_pressure; target=SATCOM,0.150417,0.169756,0.0193396,0.171161,1,1,0,0.125,0.125,0,0.15,0.188679,0.0386792,held,"Stale badge is credited when trusted stale exposure falls or stays bounded; raw stale objects may remain in the simulation (held; impact_delta=0.019, latency_delta=0.000, trusted_stale_delta=0.000, priority_delta=0.039).","closed simulation defense-effect ledger only; no RF, exploit, or live network action"
E5_rule_aura_tsra_r,50,def-00002,TSRA-R,stale_badge,medium,30,SATCOM,COP stale confidence badge active; stale_ratio=0.5.,near_future; atk-00001; queue_pressure; target=SATCOM,0.169756,0.162583,-0.00717296,0.199077,1,2.2,1.2,0.125,0.125,0,0.188679,0.125,-0.0636792,held,"Stale badge is credited when trusted stale exposure falls or stays bounded; raw stale objects may remain in the simulation (held; impact_delta=-0.007, latency_delta=1.200, trusted_stale_delta=0.000, priority_delta=-0.064).","closed simulation defense-effect ledger only; no RF, exploit, or live network action"
E5_rule_aura_tsra_r,65,def-00003,TSRA-R,priority_reroute,high,30,SATCOM,Critical traffic is waiting behind lower-priority load.,active; atk-00001; queue_pressure; target=SATCOM,0.166966,0.112487,-0.054479,0.170642,1,2.1,1.1,0.125,0.0625,-0.0625,0.183099,0.0948905,-0.0882081,improved,"Priority reroute is credited through lower priority inversion or critical latency pressure (improved; impact_delta=-0.054, latency_delta=1.100, trusted_stale_delta=-0.062, priority_delta=-0.088).","closed simulation defense-effect ledger only; no RF, exploit, or live network action"
E5_rule_aura_tsra_r,65,def-00004,TSRA-R,video_throttle,medium,30,SATCOM,Video traffic is being reduced to protect critical capacity.,active; atk-00001; queue_pressure; target=SATCOM,0.166966,0.112487,-0.054479,0.170642,1,2.1,1.1,0.125,0.0625,-0.0625,0.183099,0.0948905,-0.0882081,improved,"Video throttle is credited when capacity pressure on critical traffic eases; mission impact can lag by one window (improved; impact_delta=-0.054, latency_delta=1.100, trusted_stale_delta=-0.062, priority_delta=-0.088).","closed simulation defense-effect ledger only; no RF, exploit, or live network action"
E5_rule_aura_tsra_r,75,def-00005,TSRA-R,pace_switch,high,30,SATCOM,PACE switch selected target=LTE; reason=SATCOM degraded beyond mission threshold.,active; atk-00001; queue_pressure; target=SATCOM || near_future; atk-00002; queue_pressure; target=LTE,0.170642,0.102009,-0.0686333,0.170642,2.3,1.7,-0.6,0.125,0.0625,-0.0625,0.139785,0.0792683,-0.0605167,improved,"PACE switch is credited when link recovery reduces mission impact while accepting possible fallback churn (improved; impact_delta=-0.069, latency_delta=-0.600, trusted_stale_delta=-0.062, priority_delta=-0.061).","closed simulation defense-effect ledger only; no RF, exploit, or live network action"
E5_rule_aura_tsra_r,80,def-00006,TSRA-R,stale_badge,medium,30,LTE,COP stale confidence badge active; stale_ratio=0.5.,active; atk-00001; queue_pressure; target=SATCOM || near_future; atk-00002; queue_pressure; target=LTE,0.162583,0.0975179,-0.0650655,0.162583,2.2,1.4,-0.8,0.125,0.0625,-0.0625,0.125,0.0742857,-0.0507143,improved,"Stale badge is credited when trusted stale exposure falls or stays bounded; raw stale objects may remain in the simulation (improved; impact_delta=-0.065, latency_delta=-0.800, trusted_stale_delta=-0.062, priority_delta=-0.051).","closed simulation defense-effect ledger only; no RF, exploit, or live network action"
E5_rule_aura_tsra_r,100,def-00007,TSRA-R,video_throttle,medium,30,LTE,Video traffic is being reduced to protect critical capacity.,active; atk-00001; queue_pressure; target=SATCOM || near_future; atk-00002; queue_pressure; target=LTE,0.107999,0.0840241,-0.023975,0.107999,2,1,-1,0.0625,0.0625,0,0.0872483,0.0526316,-0.0346167,improved,"Video throttle is credited when capacity pressure on critical traffic eases; mission impact can lag by one window (improved; impact_delta=-0.024, latency_delta=-1.000, trusted_stale_delta=0.000, priority_delta=-0.035).","closed simulation defense-effect ledger only; no RF, exploit, or live network action"
E5_rule_aura_tsra_r,125,def-00008,TSRA-R,priority_reroute,high,30,LTE,Critical traffic is waiting behind lower-priority load.,active; atk-00001; queue_pressure; target=SATCOM || active; atk-00002; queue_pressure; target=LTE || near_future; atk-00003; queue_pressure; target=MESH,0.0859692,0.0937202,0.00775104,0.0937202,1,1,0,0.0625,0.0625,0,0.0565217,0.0386905,-0.0178313,held,"Priority reroute is credited through lower priority inversion or critical latency pressure (held; impact_delta=0.008, latency_delta=0.000, trusted_stale_delta=0.000, priority_delta=-0.018).","closed simulation defense-effect ledger only; no RF, exploit, or live network action"
E5_rule_aura_tsra_r,135,def-00009,TSRA-R,video_throttle,medium,30,LTE,Video traffic is being reduced to protect critical capacity.,active; atk-00001; queue_pressure; target=SATCOM || active; atk-00002; queue_pressure; target=LTE || near_future; atk-00003; queue_pressure; target=MESH,0.0822366,0.126037,0.0438006,0.127164,1,1,0,0.0625,0.125,0.0625,0.0490566,0.0345745,-0.0144821,degraded_or_delayed,"Video throttle is credited when capacity pressure on critical traffic eases; mission impact can lag by one window (degraded_or_delayed; impact_delta=0.044, latency_delta=0.000, trusted_stale_delta=0.062, priority_delta=-0.014).","closed simulation defense-effect ledger only; no RF, exploit, or live network action"
E5_rule_aura_tsra_r,140,def-00010,TSRA-R,stale_badge,medium,30,LTE,COP stale confidence badge active; stale_ratio=0.5.,active; atk-00001; queue_pressure; target=SATCOM || active; atk-00002; queue_pressure; target=LTE || near_future; atk-00003; queue_pressure; target=MESH,0.08084,0.125164,0.0443241,0.127164,1,1,0,0.0625,0.125,0.0625,0.0462633,0.0328283,-0.0134351,degraded_or_delayed,"Stale badge is credited when trusted stale exposure falls or stays bounded; raw stale objects may remain in the simulation (degraded_or_delayed; impact_delta=0.044, latency_delta=0.000, trusted_stale_delta=0.062, priority_delta=-0.013).","closed simulation defense-effect ledger only; no RF, exploit, or live network action"
E5_rule_aura_tsra_r,155,def-00011,TSRA-R,pace_switch,high,30,LTE,PACE switch selected target=MESH; reason=fallback link degraded beyond mission threshold.,active; atk-00002; queue_pressure; target=LTE || near_future; atk-00003; queue_pressure; target=MESH,0.0937202,0.123194,0.0294742,0.127164,1,1,0,0.0625,0.125,0.0625,0.0386905,0.0288889,-0.00980159,held,"PACE switch is credited when link recovery reduces mission impact while accepting possible fallback churn (held; impact_delta=0.029, latency_delta=0.000, trusted_stale_delta=0.062, priority_delta=-0.010).","closed simulation defense-effect ledger only; no RF, exploit, or live network action"
E5_rule_aura_tsra_r,170,def-00012,TSRA-R,priority_reroute,medium,30,MESH,Critical traffic is waiting behind lower-priority load.,active; atk-00002; queue_pressure; target=LTE || active; atk-00003; queue_pressure; target=MESH || near_future; atk-00004; queue_pressure; target=MESH,0.125164,0.121698,-0.00346593,0.125164,1,1,0,0.125,0.125,0,0.0328283,0.0258964,-0.00693187,held,"Priority reroute is credited through lower priority inversion or critical latency pressure (held; impact_delta=-0.003, latency_delta=0.000, trusted_stale_delta=0.000, priority_delta=-0.007).","closed simulation defense-effect ledger only; no RF, exploit, or live network action"
E5_rule_aura_tsra_r,170,def-00013,TSRA-R,video_throttle,medium,30,MESH,Video traffic is being reduced to protect critical capacity.,active; atk-00002; queue_pressure; target=LTE || active; atk-00003; queue_pressure; target=MESH || near_future; atk-00004; queue_pressure; target=MESH,0.125164,0.121698,-0.00346593,0.125164,1,1,0,0.125,0.125,0,0.0328283,0.0258964,-0.00693187,held,"Video throttle is credited when capacity pressure on critical traffic eases; mission impact can lag by one window (held; impact_delta=-0.003, latency_delta=0.000, trusted_stale_delta=0.000, priority_delta=-0.007).","closed simulation defense-effect ledger only; no RF, exploit, or live network action"
E5_rule_aura_tsra_r,170,def-00014,TSRA-R,stale_badge,medium,30,MESH,COP stale confidence badge active; stale_ratio=0.5.,active; atk-00002; queue_pressure; target=LTE || active; atk-00003; queue_pressure; target=MESH || near_future; atk-00004; queue_pressure; target=MESH,0.125164,0.121698,-0.00346593,0.125164,1,1,0,0.125,0.125,0,0.0328283,0.0258964,-0.00693187,held,"Stale badge is credited when trusted stale exposure falls or stays bounded; raw stale objects may remain in the simulation (held; impact_delta=-0.003, latency_delta=0.000, trusted_stale_delta=0.000, priority_delta=-0.007).","closed simulation defense-effect ledger only; no RF, exploit, or live network action"
E5_rule_aura_tsra_r,200,def-00015,TSRA-R,stale_badge,medium,30,MESH,COP stale confidence badge active; stale_ratio=0.5.,active; atk-00003; queue_pressure; target=MESH || near_future; atk-00004; queue_pressure; target=MESH,0.121698,0.0850658,-0.0366324,0.121698,1,1,0,0.125,0.0625,-0.0625,0.0258964,0.0213816,-0.00451484,improved,"Stale badge is credited when trusted stale exposure falls or stays bounded; raw stale objects may remain in the simulation (improved; impact_delta=-0.037, latency_delta=0.000, trusted_stale_delta=-0.062, priority_delta=-0.005).","closed simulation defense-effect ledger only; no RF, exploit, or live network action"
E5_rule_aura_tsra_r,205,def-00016,TSRA-R,priority_reroute,medium,30,MESH,Critical traffic is waiting behind lower-priority load.,active; atk-00003; queue_pressure; target=MESH || near_future; atk-00004; queue_pressure; target=MESH,0.121226,0.101458,-0.0197677,0.121226,1,1,0,0.125,0.0625,-0.0625,0.024952,0.0208333,-0.00411868,held,"Priority reroute is credited through lower priority inversion or critical latency pressure (held; impact_delta=-0.020, latency_delta=0.000, trusted_stale_delta=-0.062, priority_delta=-0.004).","closed simulation defense-effect ledger only; no RF, exploit, or live network action"
E5_rule_aura_tsra_r,205,def-00017,TSRA-R,video_throttle,medium,30,MESH,Video traffic is being reduced to protect critical capacity.,active; atk-00003; queue_pressure; target=MESH || near_future; atk-00004; queue_pressure; target=MESH,0.121226,0.101458,-0.0197677,0.121226,1,1,0,0.125,0.0625,-0.0625,0.024952,0.0208333,-0.00411868,held,"Video throttle is credited when capacity pressure on critical traffic eases; mission impact can lag by one window (held; impact_delta=-0.020, latency_delta=0.000, trusted_stale_delta=-0.062, priority_delta=-0.004).","closed simulation defense-effect ledger only; no RF, exploit, or live network action"
E5_rule_aura_tsra_r,235,def-00018,TSRA-R,priority_reroute,medium,30,MESH,Critical traffic is waiting behind lower-priority load.,active; atk-00003; queue_pressure; target=MESH || active; atk-00004; queue_pressure; target=MESH || near_future; atk-00005; queue_pressure; target=LTE,0.101458,0.134572,0.0331133,0.134572,1,1,0,0.0625,0.125,0.0625,0.0208333,0.0183099,-0.00252347,degraded_or_delayed,"Priority reroute is credited through lower priority inversion or critical latency pressure (degraded_or_delayed; impact_delta=0.033, latency_delta=0.000, trusted_stale_delta=0.062, priority_delta=-0.003).","closed simulation defense-effect ledger only; no RF, exploit, or live network action"
E5_rule_aura_tsra_r,235,def-00019,TSRA-R,pace_switch,high,30,MESH,PACE switch selected target=LTE; reason=fallback link degraded beyond mission threshold.,active; atk-00003; queue_pressure; target=MESH || active; atk-00004; queue_pressure; target=MESH || near_future; atk-00005; queue_pressure; target=LTE,0.101458,0.134572,0.0331133,0.134572,1,1,0,0.0625,0.125,0.0625,0.0208333,0.0183099,-0.00252347,degraded_or_delayed,"PACE switch is credited when link recovery reduces mission impact while accepting possible fallback churn (degraded_or_delayed; impact_delta=0.033, latency_delta=0.000, trusted_stale_delta=0.062, priority_delta=-0.003).","closed simulation defense-effect ledger only; no RF, exploit, or live network action"
E5_rule_aura_tsra_r,240,def-00020,TSRA-R,video_throttle,medium,30,LTE,Video traffic is being reduced to protect critical capacity.,active; atk-00003; queue_pressure; target=MESH || active; atk-00004; queue_pressure; target=MESH || near_future; atk-00005; queue_pressure; target=LTE,0.101182,0.134395,0.0332125,0.134572,1,1,0,0.0625,0.125,0.0625,0.0202808,0.0179558,-0.00232501,degraded_or_delayed,"Video throttle is credited when capacity pressure on critical traffic eases; mission impact can lag by one window (degraded_or_delayed; impact_delta=0.033, latency_delta=0.000, trusted_stale_delta=0.062, priority_delta=-0.002).","closed simulation defense-effect ledger only; no RF, exploit, or live network action"
E5_rule_aura_tsra_r,265,def-00021,TSRA-R,stale_badge,medium,30,LTE,COP stale confidence badge active; stale_ratio=0.5.,active; atk-00004; queue_pressure; target=MESH || active; atk-00005; queue_pressure; target=LTE,0.134572,0.133521,-0.00105019,0.134572,1,1,0,0.125,0.125,0,0.0183099,0.0162095,-0.00210038,held,"Stale badge is credited when trusted stale exposure falls or stays bounded; raw stale objects may remain in the simulation (held; impact_delta=-0.001, latency_delta=0.000, trusted_stale_delta=0.000, priority_delta=-0.002).","closed simulation defense-effect ledger only; no RF, exploit, or live network action"
E5_rule_aura_tsra_r,275,def-00022,TSRA-R,video_throttle,medium,30,LTE,Video traffic is being reduced to protect critical capacity.,active; atk-00004; queue_pressure; target=MESH || active; atk-00005; queue_pressure; target=LTE,0.134189,0.133373,-0.000815993,0.134189,1,1,0,0.125,0.125,0,0.0175439,0.0159119,-0.00163199,held,"Video throttle is credited when capacity pressure on critical traffic eases; mission impact can lag by one window (held; impact_delta=-0.001, latency_delta=0.000, trusted_stale_delta=0.000, priority_delta=-0.002).","closed simulation defense-effect ledger only; no RF, exploit, or live network action"
E5_rule_aura_tsra_r,295,def-00023,TSRA-R,stale_badge,medium,30,LTE,COP stale confidence badge active; stale_ratio=0.5.,active; atk-00005; queue_pressure; target=LTE,0.133521,0.133373,-0.000148802,0.133521,1,1,0,0.125,0.125,0,0.0162095,0.0159119,-0.000297604,held,"Stale badge is credited when trusted stale exposure falls or stays bounded; raw stale objects may remain in the simulation (held; impact_delta=-0.000, latency_delta=0.000, trusted_stale_delta=0.000, priority_delta=-0.000).","closed simulation defense-effect ledger only; no RF, exploit, or live network action"
E7_ml_aura_ml_tsra_r,80,def-00001,TSRA-R,ml_attack_alert,high,30,SATCOM,ML detector flags attack-like degradation probability=0.946005 above threshold=0.75.,active; ml-atk-00001; queue_pressure; target=SATCOM || near_future; ml-atk-00002; failover_chasing; target=LTE,0.322963,0.211596,-0.111367,0.322963,10.1,10.6,0.5,0.125,0.0625,-0.0625,0.340426,0.179775,-0.16065,held,"ML detector opened or refreshed the reactive defense window; local metric effect is indirect through following TSRA-R actions (held; impact_delta=-0.111, latency_delta=0.500, trusted_stale_delta=-0.062, priority_delta=-0.161).","closed simulation defense-effect ledger only; no RF, exploit, or live network action"
E7_ml_aura_ml_tsra_r,80,def-00002,TSRA-R,priority_reroute,high,30,SATCOM,Critical traffic is waiting behind lower-priority load.,active; ml-atk-00001; queue_pressure; target=SATCOM || near_future; ml-atk-00002; failover_chasing; target=LTE,0.322963,0.211596,-0.111367,0.322963,10.1,10.6,0.5,0.125,0.0625,-0.0625,0.340426,0.179775,-0.16065,improved,"Priority reroute is credited through lower priority inversion or critical latency pressure (improved; impact_delta=-0.111, latency_delta=0.500, trusted_stale_delta=-0.062, priority_delta=-0.161).","closed simulation defense-effect ledger only; no RF, exploit, or live network action"
E7_ml_aura_ml_tsra_r,80,def-00003,TSRA-R,video_throttle,medium,30,SATCOM,Video traffic is being reduced to protect critical capacity.,active; ml-atk-00001; queue_pressure; target=SATCOM || near_future; ml-atk-00002; failover_chasing; target=LTE,0.322963,0.211596,-0.111367,0.322963,10.1,10.6,0.5,0.125,0.0625,-0.0625,0.340426,0.179775,-0.16065,improved,"Video throttle is credited when capacity pressure on critical traffic eases; mission impact can lag by one window (improved; impact_delta=-0.111, latency_delta=0.500, trusted_stale_delta=-0.062, priority_delta=-0.161).","closed simulation defense-effect ledger only; no RF, exploit, or live network action"
E7_ml_aura_ml_tsra_r,80,def-00004,TSRA-R,stale_badge,medium,30,SATCOM,COP stale confidence badge active; stale_ratio=0.5.,active; ml-atk-00001; queue_pressure; target=SATCOM || near_future; ml-atk-00002; failover_chasing; target=LTE,0.322963,0.211596,-0.111367,0.322963,10.1,10.6,0.5,0.125,0.0625,-0.0625,0.340426,0.179775,-0.16065,improved,"Stale badge is credited when trusted stale exposure falls or stays bounded; raw stale objects may remain in the simulation (improved; impact_delta=-0.111, latency_delta=0.500, trusted_stale_delta=-0.062, priority_delta=-0.161).","closed simulation defense-effect ledger only; no RF, exploit, or live network action"
E7_ml_aura_ml_tsra_r,80,def-00005,TSRA-R,pace_switch,high,30,SATCOM,PACE switch selected target=LTE; reason=SATCOM degraded beyond mission threshold.,active; ml-atk-00001; queue_pressure; target=SATCOM || near_future; ml-atk-00002; failover_chasing; target=LTE,0.322963,0.211596,-0.111367,0.322963,10.1,10.6,0.5,0.125,0.0625,-0.0625,0.340426,0.179775,-0.16065,improved,"PACE switch is credited when link recovery reduces mission impact while accepting possible fallback churn (improved; impact_delta=-0.111, latency_delta=0.500, trusted_stale_delta=-0.062, priority_delta=-0.161).","closed simulation defense-effect ledger only; no RF, exploit, or live network action"
E7_ml_aura_ml_tsra_r,105,def-00006,TSRA-R,ml_attack_alert,high,30,LTE,ML detector flags attack-like degradation probability=0.951098 above threshold=0.75.,active; ml-atk-00001; queue_pressure; target=SATCOM || near_future; ml-atk-00002; failover_chasing; target=LTE,0.220011,0.170224,-0.0497869,0.220011,10.8,8.2,-2.6,0.0625,0.0625,0,0.193939,0.129032,-0.0649071,held,"ML detector opened or refreshed the reactive defense window; local metric effect is indirect through following TSRA-R actions (held; impact_delta=-0.050, latency_delta=-2.600, trusted_stale_delta=0.000, priority_delta=-0.065).","closed simulation defense-effect ledger only; no RF, exploit, or live network action"
E7_ml_aura_ml_tsra_r,115,def-00007,TSRA-R,video_throttle,medium,30,LTE,Video traffic is being reduced to protect critical capacity.,active; ml-atk-00001; queue_pressure; target=SATCOM || active; ml-atk-00002; failover_chasing; target=LTE,0.205481,0.19362,-0.0118609,0.205481,10.4,7.75,-2.65,0.0625,0.125,0.0625,0.170213,0.113074,-0.0571386,improved,"Video throttle is credited when capacity pressure on critical traffic eases; mission impact can lag by one window (improved; impact_delta=-0.012, latency_delta=-2.650, trusted_stale_delta=0.062, priority_delta=-0.057).","closed simulation defense-effect ledger only; no RF, exploit, or live network action"
E7_ml_aura_ml_tsra_r,120,def-00008,TSRA-R,priority_reroute,high,30,LTE,Critical traffic is waiting behind lower-priority load.,active; ml-atk-00001; queue_pressure; target=SATCOM || active; ml-atk-00002; failover_chasing; target=LTE || near_future; ml-atk-00003; queue_pressure; target=LTE,0.19825,0.190239,-0.00801011,0.19825,10.2,7.75,-2.45,0.0625,0.125,0.0625,0.158416,0.106312,-0.0521035,improved,"Priority reroute is credited through lower priority inversion or critical latency pressure (improved; impact_delta=-0.008, latency_delta=-2.450, trusted_stale_delta=0.062, priority_delta=-0.052).","closed simulation defense-effect ledger only; no RF, exploit, or live network action"
E7_ml_aura_ml_tsra_r,120,def-00009,TSRA-R,stale_badge,medium,30,LTE,COP stale confidence badge active; stale_ratio=0.5.,active; ml-atk-00001; queue_pressure; target=SATCOM || active; ml-atk-00002; failover_chasing; target=LTE || near_future; ml-atk-00003; queue_pressure; target=LTE,0.19825,0.190239,-0.00801011,0.19825,10.2,7.75,-2.45,0.0625,0.125,0.0625,0.158416,0.106312,-0.0521035,held,"Stale badge is credited when trusted stale exposure falls or stays bounded; raw stale objects may remain in the simulation (held; impact_delta=-0.008, latency_delta=-2.450, trusted_stale_delta=0.062, priority_delta=-0.052).","closed simulation defense-effect ledger only; no RF, exploit, or live network action"
E7_ml_aura_ml_tsra_r,130,def-00010,TSRA-R,ml_attack_alert,high,30,LTE,ML detector flags attack-like degradation probability=0.971653 above threshold=0.75.,active; ml-atk-00001; queue_pressure; target=SATCOM || active; ml-atk-00002; failover_chasing; target=LTE || near_future; ml-atk-00003; queue_pressure; target=LTE,0.176793,0.201798,0.0250046,0.201798,8.65,7.75,-0.9,0.0625,0.125,0.0625,0.13617,0.0960961,-0.0400741,held,"ML detector opened or refreshed the reactive defense window; local metric effect is indirect through following TSRA-R actions (held; impact_delta=0.025, latency_delta=-0.900, trusted_stale_delta=0.062, priority_delta=-0.040).","closed simulation defense-effect ledger only; no RF, exploit, or live network action"
E7_ml_aura_ml_tsra_r,150,def-00011,TSRA-R,video_throttle,medium,30,LTE,Video traffic is being reduced to protect critical capacity.,active; ml-atk-00002; failover_chasing; target=LTE || near_future; ml-atk-00003; queue_pressure; target=LTE,0.190239,0.159966,-0.0302738,0.201798,7.75,2.8,-4.95,0.125,0.125,0,0.106312,0.0784314,-0.0278809,improved,"Video throttle is credited when capacity pressure on critical traffic eases; mission impact can lag by one window (improved; impact_delta=-0.030, latency_delta=-4.950, trusted_stale_delta=0.000, priority_delta=-0.028).","closed simulation defense-effect ledger only; no RF, exploit, or live network action"
E7_ml_aura_ml_tsra_r,150,def-00012,TSRA-R,stale_badge,medium,30,LTE,COP stale confidence badge active; stale_ratio=0.5.,active; ml-atk-00002; failover_chasing; target=LTE || near_future; ml-atk-00003; queue_pressure; target=LTE,0.190239,0.159966,-0.0302738,0.201798,7.75,2.8,-4.95,0.125,0.125,0,0.106312,0.0784314,-0.0278809,improved,"Stale badge is credited when trusted stale exposure falls or stays bounded; raw stale objects may remain in the simulation (improved; impact_delta=-0.030, latency_delta=-4.950, trusted_stale_delta=0.000, priority_delta=-0.028).","closed simulation defense-effect ledger only; no RF, exploit, or live network action"
E7_ml_aura_ml_tsra_r,155,def-00013,TSRA-R,ml_attack_alert,high,30,LTE,ML detector flags attack-like degradation probability=0.96213 above threshold=0.75.,active; ml-atk-00002; failover_chasing; target=LTE || near_future; ml-atk-00003; queue_pressure; target=LTE,0.187877,0.155665,-0.0322123,0.201798,7.75,2.35,-5.4,0.125,0.125,0,0.101587,0.0758294,-0.0257579,held,"ML detector opened or refreshed the reactive defense window; local metric effect is indirect through following TSRA-R actions (held; impact_delta=-0.032, latency_delta=-5.400, trusted_stale_delta=0.000, priority_delta=-0.026).","closed simulation defense-effect ledger only; no RF, exploit, or live network action"
E7_ml_aura_ml_tsra_r,160,def-00014,TSRA-R,priority_reroute,high,30,LTE,Critical traffic is waiting behind lower-priority load.,active; ml-atk-00002; failover_chasing; target=LTE || active; ml-atk-00003; queue_pressure; target=LTE,0.201798,0.147949,-0.053849,0.201798,7.75,1.45,-6.3,0.125,0.125,0,0.0960961,0.0723982,-0.0236979,improved,"Priority reroute is credited through lower priority inversion or critical latency pressure (improved; impact_delta=-0.054, latency_delta=-6.300, trusted_stale_delta=0.000, priority_delta=-0.024).","closed simulation defense-effect ledger only; no RF, exploit, or live network action"
E7_ml_aura_ml_tsra_r,160,def-00015,TSRA-R,pace_switch,high,30,LTE,PACE switch selected target=MESH; reason=fallback link degraded beyond mission threshold.,active; ml-atk-00002; failover_chasing; target=LTE || active; ml-atk-00003; queue_pressure; target=LTE,0.201798,0.147949,-0.053849,0.201798,7.75,1.45,-6.3,0.125,0.125,0,0.0960961,0.0723982,-0.0236979,improved,"PACE switch is credited when link recovery reduces mission impact while accepting possible fallback churn (improved; impact_delta=-0.054, latency_delta=-6.300, trusted_stale_delta=0.000, priority_delta=-0.024).","closed simulation defense-effect ledger only; no RF, exploit, or live network action"
E7_ml_aura_ml_tsra_r,180,def-00016,TSRA-R,ml_attack_alert,high,30,MESH,ML detector flags attack-like degradation probability=0.959167 above threshold=0.75.,active; ml-atk-00002; failover_chasing; target=LTE || active; ml-atk-00003; queue_pressure; target=LTE || near_future; ml-atk-00004; failover_chasing; target=MESH,0.159966,0.141337,-0.0186291,0.159966,2.8,1,-1.8,0.125,0.125,0,0.0784314,0.0651731,-0.0132583,held,"ML detector opened or refreshed the reactive defense window; local metric effect is indirect through following TSRA-R actions (held; impact_delta=-0.019, latency_delta=-1.800, trusted_stale_delta=0.000, priority_delta=-0.013).","closed simulation defense-effect ledger only; no RF, exploit, or live network action"
E7_ml_aura_ml_tsra_r,180,def-00017,TSRA-R,stale_badge,medium,30,MESH,COP stale confidence badge active; stale_ratio=0.5.,active; ml-atk-00002; failover_chasing; target=LTE || active; ml-atk-00003; queue_pressure; target=LTE || near_future; ml-atk-00004; failover_chasing; target=MESH,0.159966,0.141337,-0.0186291,0.159966,2.8,1,-1.8,0.125,0.125,0,0.0784314,0.0651731,-0.0132583,held,"Stale badge is credited when trusted stale exposure falls or stays bounded; raw stale objects may remain in the simulation (held; impact_delta=-0.019, latency_delta=-1.800, trusted_stale_delta=0.000, priority_delta=-0.013).","closed simulation defense-effect ledger only; no RF, exploit, or live network action"
E7_ml_aura_ml_tsra_r,185,def-00018,TSRA-R,video_throttle,medium,30,MESH,Video traffic is being reduced to protect critical capacity.,active; ml-atk-00003; queue_pressure; target=LTE || near_future; ml-atk-00004; failover_chasing; target=MESH,0.155665,0.140496,-0.0151687,0.155665,2.35,1,-1.35,0.125,0.125,0,0.0758294,0.0634921,-0.0123373,improved,"Video throttle is credited when capacity pressure on critical traffic eases; mission impact can lag by one window (improved; impact_delta=-0.015, latency_delta=-1.350, trusted_stale_delta=0.000, priority_delta=-0.012).","closed simulation defense-effect ledger only; no RF, exploit, or live network action"
E7_ml_aura_ml_tsra_r,190,def-00019,TSRA-R,priority_reroute,high,30,MESH,Critical traffic is waiting behind lower-priority load.,active; ml-atk-00003; queue_pressure; target=LTE || near_future; ml-atk-00004; failover_chasing; target=MESH,0.147949,0.109026,-0.0389228,0.147949,1.45,1.6,0.15,0.125,0.0625,-0.0625,0.0723982,0.0613027,-0.0110955,improved,"Priority reroute is credited through lower priority inversion or critical latency pressure (improved; impact_delta=-0.039, latency_delta=0.150, trusted_stale_delta=-0.062, priority_delta=-0.011).","closed simulation defense-effect ledger only; no RF, exploit, or live network action"
E7_ml_aura_ml_tsra_r,205,def-00020,TSRA-R,ml_attack_alert,high,30,MESH,ML detector flags attack-like degradation probability=0.957447 above threshold=0.75.,active; ml-atk-00003; queue_pressure; target=LTE || near_future; ml-atk-00004; failover_chasing; target=MESH,0.142014,0.143536,0.00152214,0.144298,1,2,1,0.125,0.125,0,0.0665281,0.056239,-0.0102891,held,"ML detector opened or refreshed the reactive defense window; local metric effect is indirect through following TSRA-R actions (held; impact_delta=0.002, latency_delta=1.000, trusted_stale_delta=0.000, priority_delta=-0.010).","closed simulation defense-effect ledger only; no RF, exploit, or live network action"
E7_ml_aura_ml_tsra_r,210,def-00021,TSRA-R,stale_badge,medium,30,MESH,COP stale confidence badge active; stale_ratio=0.5.,active; ml-atk-00003; queue_pressure; target=LTE || active; ml-atk-00004; failover_chasing; target=MESH,0.141337,0.125012,-0.0163245,0.144298,1,2,1,0.125,0.0625,-0.0625,0.0651731,0.0546075,-0.0105656,improved,"Stale badge is credited when trusted stale exposure falls or stays bounded; raw stale objects may remain in the simulation (improved; impact_delta=-0.016, latency_delta=1.000, trusted_stale_delta=-0.062, priority_delta=-0.011).","closed simulation defense-effect ledger only; no RF, exploit, or live network action"
E7_ml_aura_ml_tsra_r,215,def-00022,TSRA-R,priority_reroute,high,30,MESH,Critical traffic is waiting behind lower-priority load.,active; ml-atk-00003; queue_pressure; target=LTE || active; ml-atk-00004; failover_chasing; target=MESH,0.140496,0.124242,-0.0162537,0.144298,1,2,1,0.125,0.0625,-0.0625,0.0634921,0.053068,-0.0104241,held,"Priority reroute is credited through lower priority inversion or critical latency pressure (held; impact_delta=-0.016, latency_delta=1.000, trusted_stale_delta=-0.062, priority_delta=-0.010).","closed simulation defense-effect ledger only; no RF, exploit, or live network action"
E7_ml_aura_ml_tsra_r,220,def-00023,TSRA-R,video_throttle,medium,30,MESH,Video traffic is being reduced to protect critical capacity.,active; ml-atk-00003; queue_pressure; target=LTE || active; ml-atk-00004; failover_chasing; target=MESH || near_future; ml-atk-00005; failover_chasing; target=LTE,0.109026,0.123725,0.0146983,0.144298,1.6,2,0.4,0.0625,0.0625,0,0.0613027,0.0520325,-0.00927016,held,"Video throttle is credited when capacity pressure on critical traffic eases; mission impact can lag by one window (held; impact_delta=0.015, latency_delta=0.400, trusted_stale_delta=0.000, priority_delta=-0.009).","closed simulation defense-effect ledger only; no RF, exploit, or live network action"
E7_ml_aura_ml_tsra_r,230,def-00024,TSRA-R,ml_attack_alert,high,30,MESH,ML detector flags attack-like degradation probability=0.934522 above threshold=0.75.,active; ml-atk-00003; queue_pressure; target=LTE || active; ml-atk-00004; failover_chasing; target=MESH || near_future; ml-atk-00005; failover_chasing; target=LTE,0.144298,0.157241,0.012943,0.157241,2,2,0,0.125,0.125,0,0.0577617,0.0503145,-0.00744727,held,"ML detector opened or refreshed the reactive defense window; local metric effect is indirect through following TSRA-R actions (held; impact_delta=0.013, latency_delta=0.000, trusted_stale_delta=0.000, priority_delta=-0.007).","closed simulation defense-effect ledger only; no RF, exploit, or live network action"
E7_ml_aura_ml_tsra_r,240,def-00025,TSRA-R,stale_badge,medium,30,MESH,COP stale confidence badge active; stale_ratio=0.5.,active; ml-atk-00003; queue_pressure; target=LTE || active; ml-atk-00004; failover_chasing; target=MESH || near_future; ml-atk-00005; failover_chasing; target=LTE,0.125012,0.156548,0.0315361,0.157241,2,2,0,0.0625,0.125,0.0625,0.0546075,0.0489297,-0.00567784,degraded_or_delayed,"Stale badge is credited when trusted stale exposure falls or stays bounded; raw stale objects may remain in the simulation (degraded_or_delayed; impact_delta=0.032, latency_delta=0.000, trusted_stale_delta=0.062, priority_delta=-0.006).","closed simulation defense-effect ledger only; no RF, exploit, or live network action"
E7_ml_aura_ml_tsra_r,240,def-00026,TSRA-R,pace_switch,high,30,MESH,PACE switch selected target=LTE; reason=fallback link degraded beyond mission threshold.,active; ml-atk-00003; queue_pressure; target=LTE || active; ml-atk-00004; failover_chasing; target=MESH || near_future; ml-atk-00005; failover_chasing; target=LTE,0.125012,0.156548,0.0315361,0.157241,2,2,0,0.0625,0.125,0.0625,0.0546075,0.0489297,-0.00567784,degraded_or_delayed,"PACE switch is credited when link recovery reduces mission impact while accepting possible fallback churn (degraded_or_delayed; impact_delta=0.032, latency_delta=0.000, trusted_stale_delta=0.062, priority_delta=-0.006).","closed simulation defense-effect ledger only; no RF, exploit, or live network action"
E7_ml_aura_ml_tsra_r,245,def-00027,TSRA-R,priority_reroute,high,30,LTE,Critical traffic is waiting behind lower-priority load.,active; ml-atk-00004; failover_chasing; target=MESH || near_future; ml-atk-00005; failover_chasing; target=LTE,0.124242,0.156143,0.0319012,0.157241,2,2,0,0.0625,0.125,0.0625,0.053068,0.0481203,-0.00494769,degraded_or_delayed,"Priority reroute is credited through lower priority inversion or critical latency pressure (degraded_or_delayed; impact_delta=0.032, latency_delta=0.000, trusted_stale_delta=0.062, priority_delta=-0.005).","closed simulation defense-effect ledger only; no RF, exploit, or live network action"
E7_ml_aura_ml_tsra_r,255,def-00028,TSRA-R,ml_attack_alert,high,30,LTE,ML detector flags attack-like degradation probability=0.915386 above threshold=0.75.,active; ml-atk-00004; failover_chasing; target=MESH || near_future; ml-atk-00005; failover_chasing; target=LTE,0.123349,0.155544,0.0321944,0.157241,2,2,0,0.0625,0.125,0.0625,0.0512821,0.0469208,-0.00436123,degraded_or_delayed,"ML detector opened or refreshed the reactive defense window; local metric effect is indirect through following TSRA-R actions (degraded_or_delayed; impact_delta=0.032, latency_delta=0.000, trusted_stale_delta=0.062, priority_delta=-0.004).","closed simulation defense-effect ledger only; no RF, exploit, or live network action"
E7_ml_aura_ml_tsra_r,255,def-00029,TSRA-R,video_throttle,medium,30,LTE,Video traffic is being reduced to protect critical capacity.,active; ml-atk-00004; failover_chasing; target=MESH || near_future; ml-atk-00005; failover_chasing; target=LTE,0.123349,0.155544,0.0321944,0.157241,2,2,0,0.0625,0.125,0.0625,0.0512821,0.0469208,-0.00436123,degraded_or_delayed,"Video throttle is credited when capacity pressure on critical traffic eases; mission impact can lag by one window (degraded_or_delayed; impact_delta=0.032, latency_delta=0.000, trusted_stale_delta=0.062, priority_delta=-0.004).","closed simulation defense-effect ledger only; no RF, exploit, or live network action"
E7_ml_aura_ml_tsra_r,270,def-00030,TSRA-R,stale_badge,medium,30,LTE,COP stale confidence badge active; stale_ratio=0.5.,active; ml-atk-00004; failover_chasing; target=MESH || active; ml-atk-00005; failover_chasing; target=LTE,0.156548,0.154619,-0.00192962,0.156548,2,2,0,0.125,0.125,0,0.0489297,0.0450704,-0.00385924,held,"Stale badge is credited when trusted stale exposure falls or stays bounded; raw stale objects may remain in the simulation (held; impact_delta=-0.002, latency_delta=0.000, trusted_stale_delta=0.000, priority_delta=-0.004).","closed simulation defense-effect ledger only; no RF, exploit, or live network action"
E7_ml_aura_ml_tsra_r,280,def-00031,TSRA-R,ml_attack_alert,high,30,LTE,ML detector flags attack-like degradation probability=0.963056 above threshold=0.75.,active; ml-atk-00004; failover_chasing; target=MESH || active; ml-atk-00005; failover_chasing; target=LTE,0.155822,0.154619,-0.00120366,0.155822,2,2,0,0.125,0.125,0,0.0474777,0.0450704,-0.00240732,held,"ML detector opened or refreshed the reactive defense window; local metric effect is indirect through following TSRA-R actions (held; impact_delta=-0.001, latency_delta=0.000, trusted_stale_delta=0.000, priority_delta=-0.002).","closed simulation defense-effect ledger only; no RF, exploit, or live network action"
E7_ml_aura_ml_tsra_r,290,def-00032,TSRA-R,video_throttle,medium,30,LTE,Video traffic is being reduced to protect critical capacity.,active; ml-atk-00005; failover_chasing; target=LTE,0.155205,0.154619,-0.000586176,0.155205,2,2,0,0.125,0.125,0,0.0462428,0.0450704,-0.00117235,held,"Video throttle is credited when capacity pressure on critical traffic eases; mission impact can lag by one window (held; impact_delta=-0.001, latency_delta=0.000, trusted_stale_delta=0.000, priority_delta=-0.001).","closed simulation defense-effect ledger only; no RF, exploit, or live network action"
E7_ml_aura_ml_tsra_r,300,def-00033,TSRA-R,stale_badge,medium,30,LTE,COP stale confidence badge active; stale_ratio=0.5.,active; ml-atk-00005; failover_chasing; target=LTE,0.154619,0.154619,0,0.154619,2,2,0,0.125,0.125,0,0.0450704,0.0450704,0,held,"Stale badge is credited when trusted stale exposure falls or stays bounded; raw stale objects may remain in the simulation (held; impact_delta=0.000, latency_delta=0.000, trusted_stale_delta=0.000, priority_delta=0.000).","closed simulation defense-effect ledger only; no RF, exploit, or live network action"
